ID,Predicted
0,1
1,0
2,1
3,0
4,0
5,1
6,1
7,0
8,0
9,1
10,1
11,1
12,1
13,1
14,1
15,1
16,0
17,0
18,1
19,0
20,1
21,1
22,0
23,0
24,0
25,0
26,0
27,1
28,0
29,1
30,1
31,0
32,0
33,0
34,1
35,1
36,1
37,0
38,1
39,1
40,1
41,0
42,0
43,2
44,1
45,2
46,1
47,2
48,1
49,0
50,3
51,1
52,1
53,2
54,2
55,1
56,1
57,0
58,1
59,1
60,2
61,0
62,0
63,1
64,0
65,2
66,1
67,0
68,0
69,1
70,3
71,2
72,1
73,2
74,1
75,0
76,2
77,0
78,2
79,1
80,2
81,1
82,0
83,0
84,2
85,2
86,0
87,2
88,0
89,1
90,1
91,2
92,1
93,0
94,3
95,1
96,2
97,2
98,2
99,0
100,2
101,2
102,1
103,2
104,2
105,1
106,1
107,0
108,2
109,1
110,1
111,2
112,1
113,1
114,0
115,0
116,0
117,2
118,0
119,1
120,2
121,1
122,0
123,2
124,1
125,2
126,3
127,0
128,2
129,3
130,1
131,0
132,2
133,0
134,0
135,3
136,1
137,1
138,2
139,0
140,2
141,2
142,2
143,1
144,2
145,0
146,0
147,0
148,2
149,0
150,1
151,0
152,3
153,1
154,1
155,2
156,2
157,1
158,0
159,1
160,1
161,1
162,2
163,2
164,2
165,3
166,2
167,0
168,2
169,2
170,2
171,2
172,2
173,1
174,0
175,0
176,2
177,2
178,2
179,2
180,1
181,1
182,2
183,0
184,0
185,3
186,3
187,2
188,2
189,0
190,3
191,0
192,0
193,0
194,2
195,1
196,1
197,1
198,1
199,3
200,1
201,1
202,1
203,0
204,2
205,2
206,2
207,2
208,2
209,0
210,2
211,0
212,1
213,2
214,0
215,1
216,3
217,2
218,1
219,2
220,0
221,2
222,2
223,2
224,1
225,0
226,1
227,2
228,1
229,1
230,2
231,2
232,2
233,2
234,2
235,0
236,2
237,0
238,0
239,1
240,1
241,2
242,2
243,1
244,1
245,2
246,2
247,1
248,1
249,2
250,1
251,1
252,2
253,2
254,2
255,2
256,2
257,1
258,2
259,2
260,2
261,1
262,2
263,2
264,2
265,0
266,0
267,1
268,0
269,3
270,0
271,2
272,2
273,0
274,3
275,2
276,2
277,0
278,1
279,2
280,0
281,2
282,3
283,0
284,0
285,3
286,1
287,2
288,2
289,2
290,1
291,0
292,3
293,2
294,2
295,2
296,1
297,2
298,1
299,0
300,1
301,2
302,0
303,3
304,1
305,2
306,2
307,3
308,1
309,2
310,1
311,2
312,2
313,2
314,1
315,1
316,2
317,2
318,2
319,2
320,2
321,2
322,1
323,3
324,1
325,3
326,2
327,2
328,2
329,3
330,2
331,1
332,1
333,2
334,0
335,0
336,2
337,3
338,3
339,3
340,2
341,1
342,2
343,2
344,2
345,2
346,2
347,0
348,1
349,3
350,0
351,2
352,3
353,0
354,1
355,1
356,3
357,1
358,3
359,3
360,2
361,0
362,2
363,3
364,2
365,2
366,2
367,2
368,1
369,1
370,2
371,2
372,2
373,2
374,2
375,0
376,2
377,2
378,2
379,2
380,1
381,2
382,2
383,1
384,1
385,0
386,3
387,2
388,0
389,1
390,2
391,1
392,2
393,2
394,1
395,2
396,1
397,0
398,2
399,2
400,1
401,2
402,1
403,2
404,0
405,2
406,0
407,1
408,2
409,1
410,0
411,2
412,0
413,0
414,3
415,2
416,0
417,2
418,2
419,1
420,0
421,2
422,3
423,0
424,2
425,2
426,3
427,0
428,3
429,2
430,2
431,3
432,2
433,2
434,1
435,1
436,2
437,2
438,2
439,3
440,2
441,2
442,2
443,1
444,3
445,3
446,2
447,0
448,0
449,2
450,0
451,3
452,1
453,2
454,2
455,1
456,3
457,2
458,2
459,2
460,1
461,2
462,2
463,2
464,2
465,0
466,3
467,0
468,2
469,2
470,2
471,1
472,0
473,2
474,2
475,3
476,1
477,0
478,3
479,2
480,0
481,0
482,1
483,2
484,2
485,0
486,1
487,0
488,2
489,1
490,2
491,1
492,3
493,0
494,0
495,2
496,0
497,0
498,0
499,2
500,0
501,2
502,2
503,2
504,0
505,0
506,0
507,2
508,3
509,2
510,1
511,0
512,2
513,2
514,1
515,3
516,2
517,2
518,0
519,0
520,0
521,2
522,3
523,2
524,1
525,2
526,1
527,0
528,0
529,2
530,0
531,2
532,1
533,3
534,2
535,0
536,1
537,2
538,0
539,0
540,2
541,2
542,2
543,2
544,2
545,2
546,2
547,2
548,1
549,2
550,2
551,0
552,1
553,1
554,3
555,2
556,2
557,2
558,3
559,2
560,3
561,2
562,2
563,3
564,2
565,3
566,2
567,3
568,2
569,0
570,1
571,2
572,2
573,0
574,1
575,2
576,1
577,0
578,2
579,2
580,2
581,2
582,2
583,2
584,2
585,0
586,2
587,2
588,1
589,2
590,2
591,0
592,1
593,0
594,3
595,3
596,1
597,3
598,0
599,0
600,1
601,1
602,0
603,0
604,0
605,1
606,2
607,1
608,2
609,2
610,3
611,0
612,3
613,2
614,0
615,1
616,2
617,0
618,0
619,2
620,0
621,0
622,0
623,0
624,2
625,2
626,2
627,2
628,2
629,2
630,2
631,2
632,2
633,1
634,2
635,1
636,2
637,1
638,2
639,1
640,1
641,2
642,2
643,0
644,2
645,1
646,2
647,0
648,3
649,2
650,2
651,2
652,2
653,2
654,2
655,3
656,3
657,3
658,2
659,0
660,0
661,3
662,2
663,2
664,0
665,2
666,2
667,2
668,0
669,1
670,0
671,2
672,0
673,0
674,0
675,0
676,0
677,3
678,3
679,0
680,2
681,0
682,2
683,0
684,2
685,0
686,0
687,2
688,1
689,2
690,2
691,0
692,3
693,0
694,0
695,3
696,0
697,2
698,0
699,2
700,1
701,2
702,2
703,2
704,3
705,0
706,3
707,2
708,2
709,0
710,2
711,2
712,2
713,0
714,3
715,0
716,2
717,2
718,2
719,1
720,2
721,2
722,3
723,2
724,2
725,2
726,2
727,2
728,2
729,0
730,2
731,0
732,2
733,2
734,2
735,2
736,3
737,2
738,2
739,0
740,0
741,2
742,3
743,2
744,2
745,2
746,0
747,3
748,2
749,0
750,0
751,2
752,3
753,3
754,2
755,2
756,2
757,3
758,2
759,0
760,2
761,2
762,2
763,1
764,1
765,2
766,2
767,1
768,0
769,2
770,2
771,2
772,2
773,0
774,1
775,2
776,2
777,3
778,2
779,2
780,3
781,2
782,2
783,2
784,0
785,2
786,2
787,2
788,0
789,1
790,2
791,2
792,2
793,3
794,0
795,2
796,2
797,2
798,2
799,2
800,2
801,2
802,2
803,0
804,3
805,0
806,2
807,3
808,0
809,0
810,2
811,0
812,2
813,2
814,2
815,0
816,2
817,0
818,1
819,2
820,1
821,2
822,2
823,0
824,0
825,3
826,0
827,2
828,0
829,2
830,2
831,2
832,2
833,0
834,2
835,3
836,2
837,2
838,3
839,2
840,0
841,2
842,0
843,1
844,2
845,1
846,0
847,1
848,2
849,1
850,2
851,0
852,2
853,0
854,0
855,0
856,3
857,3
858,2
859,2
860,2
861,3
862,2
863,0
864,3
865,2
866,2
867,2
868,2
869,2
870,0
871,2
872,0
873,1
874,2
875,3
876,2
877,2
878,2
879,0
880,0
881,2
882,0
883,2
884,0
885,2
886,0
887,0
888,2
889,0
890,0
891,2
892,2
893,0
894,0
895,1
896,0
897,2
898,2
899,2
900,0
901,0
902,1
903,0
904,2
905,2
906,0
907,3
908,0
909,2
910,3
911,2
912,0
913,2
914,2
915,2
916,2
917,3
918,2
919,0
920,2
921,2
922,2
923,0
924,2
925,2
926,2
927,3
928,2
929,2
930,2
931,2
932,3
933,0
934,3
935,3
936,2
937,0
938,2
939,0
940,3
941,2
942,1
943,0
944,0
945,0
946,0
947,1
948,3
949,2
950,2
951,2
952,0
953,0
954,2
955,0
956,1
957,2
958,2
959,0
960,3
961,2
962,2
963,0
964,0
965,0
966,0
967,0
968,0
969,2
970,2
971,2
972,0
973,0
974,0
975,2
976,0
977,2
978,2
979,2
980,0
981,2
982,2
983,2
984,0
985,0
986,2
987,1
988,1
989,0
990,2
991,0
992,0
993,0
994,2
995,2
996,3
997,2
998,2
999,2
1000,2
1001,2
1002,0
1003,0
1004,2
1005,2
1006,2
1007,3
1008,2
1009,1
1010,2
1011,2
1012,2
1013,0
1014,2
1015,2
1016,2
1017,2
1018,0
1019,2
1020,2
1021,2
1022,2
1023,2
1024,2
1025,2
1026,2
1027,0
1028,2
1029,2
1030,0
1031,1
1032,2
1033,2
1034,3
1035,2
1036,2
1037,2
1038,2
1039,2
1040,2
1041,0
1042,2
1043,2
1044,3
1045,2
1046,2
1047,3
1048,1
1049,1
1050,2
1051,0
1052,0
1053,2
1054,2
1055,0
1056,1
1057,2
1058,2
1059,2
1060,2
1061,0
1062,1
1063,0
1064,0
1065,2
1066,2
1067,2
1068,2
1069,2
1070,2
1071,1
1072,1
1073,2
1074,3
1075,1
1076,1
1077,2
1078,2
1079,2
1080,2
1081,2
1082,2
1083,1
1084,0
1085,2
1086,3
1087,2
1088,0
1089,0
1090,2
1091,0
1092,0
1093,2
1094,2
1095,2
1096,2
1097,1
1098,2
1099,1
1100,2
1101,2
1102,0
1103,3
1104,0
1105,1
1106,0
1107,2
1108,0
1109,3
1110,2
1111,0
1112,0
1113,2
1114,0
1115,2
1116,1
1117,1
1118,0
1119,2
1120,2
1121,1
1122,3
1123,3
1124,0
1125,0
1126,2
1127,2
1128,3
1129,3
1130,2
1131,2
1132,0
1133,2
1134,2
1135,0
1136,2
1137,3
1138,3
1139,0
1140,0
1141,1
1142,0
1143,0
1144,2
1145,0
1146,1
1147,2
1148,0
1149,0
1150,0
1151,3
1152,0
1153,2
1154,2
1155,0
1156,2
1157,0
1158,2
1159,2
1160,1
1161,0
1162,2
1163,2
1164,1
1165,1
1166,0
1167,2
1168,2
1169,3
1170,0
1171,0
1172,2
1173,3
1174,0
1175,1
1176,0
1177,1
1178,1
1179,0
1180,3
1181,0
1182,0
1183,2
1184,2
1185,2
1186,2
1187,1
1188,2
1189,1
1190,2
1191,0
1192,0
1193,0
1194,2
1195,2
1196,2
1197,0
1198,2
1199,0
1200,1
1201,2
1202,0
1203,0
1204,2
1205,0
1206,2
1207,0
1208,2
1209,3
1210,0
1211,3
1212,2
1213,2
1214,2
1215,1
1216,3
1217,3
1218,2
1219,3
1220,0
1221,0
1222,3
1223,2
1224,2
1225,2
1226,1
1227,1
1228,2
1229,0
1230,1
1231,2
1232,3
1233,2
1234,2
1235,2
1236,0
1237,2
1238,0
1239,1
1240,0
1241,2
1242,1
1243,2
1244,2
1245,2
1246,2
1247,0
1248,2
1249,2
1250,0
1251,3
1252,0
1253,1
1254,2
1255,3
1256,0
1257,0
1258,0
1259,2
1260,1
1261,2
1262,2
1263,1
1264,1
1265,3
1266,1
1267,1
1268,2
1269,0
1270,1
1271,3
1272,3
1273,2
1274,2
1275,0
1276,2
1277,3
1278,0
1279,1
1280,0
1281,1
1282,3
1283,3
1284,0
1285,2
1286,3
1287,0
1288,3
1289,2
1290,1
1291,3
1292,0
1293,2
1294,0
1295,3
1296,0
1297,1
1298,0
1299,0
1300,2
1301,0
1302,0
1303,2
1304,2
1305,3
1306,0
1307,2
1308,1
1309,2
1310,2
1311,0
1312,0
1313,3
1314,1
1315,2
1316,0
1317,0
1318,0
1319,1
1320,1
1321,2
1322,0
1323,2
1324,0
1325,2
1326,0
1327,0
1328,0
1329,2
1330,1
1331,2
1332,2
1333,1
1334,2
1335,2
1336,0
1337,0
1338,0
1339,2
1340,0
1341,1
1342,0
1343,2
1344,2
1345,0
1346,2
1347,0
1348,2
1349,2
1350,1
1351,2
1352,2
1353,1
1354,0
1355,3
1356,0
1357,0
1358,3
1359,2
1360,2
1361,1
1362,1
1363,0
1364,0
1365,0
1366,0
1367,0
1368,2
1369,0
1370,0
1371,0
1372,3
1373,2
1374,1
1375,0
1376,2
1377,1
1378,2
1379,2
1380,3
1381,1
1382,2
1383,0
1384,1
1385,3
1386,1
1387,0
1388,0
1389,2
1390,2
1391,0
1392,2
1393,0
1394,2
1395,2
1396,2
1397,1
1398,0
1399,0
1400,0
1401,1
1402,0
1403,2
1404,0
1405,0
1406,2
1407,1
1408,2
1409,2
1410,3
1411,2
1412,2
1413,2
1414,0
1415,2
1416,2
1417,0
1418,0
1419,2
1420,2
1421,1
1422,3
1423,1
1424,0
1425,0
1426,0
1427,0
1428,2
1429,3
1430,2
1431,2
1432,2
1433,0
1434,1
1435,2
1436,0
1437,2
1438,0
1439,0
1440,2
1441,1
1442,2
1443,0
1444,0
1445,2
1446,2
1447,0
1448,2
1449,0
1450,2
1451,0
1452,0
1453,2
1454,2
1455,0
1456,2
1457,0
1458,0
1459,0
1460,2
1461,1
1462,2
1463,3
1464,0
1465,2
1466,0
1467,2
1468,2
1469,2
1470,0
1471,0
1472,0
1473,2
1474,2
1475,2
1476,2
1477,3
1478,2
1479,2
1480,2
1481,2
1482,1
1483,2
1484,1
1485,2
1486,0
1487,2
1488,0
1489,0
1490,2
1491,3
1492,0
1493,2
1494,0
1495,1
1496,2
1497,2
1498,1
1499,0
1500,0
1501,0
1502,2
1503,0
1504,0
1505,0
1506,2
1507,1
1508,0
1509,1
1510,2
1511,3
1512,1
1513,2
1514,2
1515,1
1516,2
1517,2
1518,3
1519,2
1520,2
1521,2
1522,2
1523,1
1524,2
1525,2
1526,2
1527,0
1528,1
1529,0
1530,2
1531,2
1532,2
1533,2
1534,2
1535,2
1536,1
1537,0
1538,2
1539,1
1540,2
1541,1
1542,2
1543,3
1544,0
1545,2
1546,2
1547,2
1548,2
1549,2
1550,3
1551,3
1552,3
1553,0
1554,3
1555,0
1556,0
1557,2
1558,2
1559,3
1560,0
1561,2
1562,2
1563,0
1564,2
1565,0
1566,0
1567,2
1568,0
1569,3
1570,0
1571,2
1572,3
1573,0
1574,1
1575,2
1576,2
1577,3
1578,0
1579,2
1580,3
1581,2
1582,1
1583,0
1584,2
1585,2
1586,3
1587,2
1588,0
1589,1
1590,1
1591,0
1592,3
1593,0
1594,0
1595,0
1596,2
1597,0
1598,2
1599,3
1600,0
1601,2
1602,0
1603,2
1604,2
1605,0
1606,2
1607,3
1608,0
1609,3
1610,3
1611,0
1612,0
1613,2
1614,0
1615,0
1616,2
1617,3
1618,2
1619,0
1620,3
1621,2
1622,2
1623,1
1624,3
1625,2
1626,0
1627,2
1628,0
1629,2
1630,2
1631,0
1632,0
1633,2
1634,2
1635,3
1636,2
1637,2
1638,0
1639,2
1640,2
1641,0
1642,0
1643,0
1644,0
1645,1
1646,3
1647,0
1648,1
1649,1
1650,1
1651,0
1652,2
1653,2
1654,0
1655,0
1656,2
1657,3
1658,3
1659,2
1660,0
1661,2
1662,3
1663,0
1664,2
1665,1
1666,2
1667,0
1668,3
1669,2
1670,2
1671,2
1672,1
1673,0
1674,2
1675,2
1676,2
1677,0
1678,1
1679,1
1680,1
1681,2
1682,2
1683,3
1684,0
1685,2
1686,0
1687,1
1688,2
1689,0
1690,0
1691,2
1692,0
1693,3
1694,1
1695,1
1696,0
1697,3
1698,2
1699,2
1700,1
1701,2
1702,2
1703,0
1704,1
1705,3
1706,0
1707,2
1708,3
1709,0
1710,2
1711,3
1712,0
1713,2
1714,2
1715,0
1716,0
1717,0
1718,1
1719,2
1720,2
1721,0
1722,0
1723,2
1724,0
1725,3
1726,3
1727,0
1728,2
1729,2
1730,0
1731,2
1732,0
1733,3
1734,2
1735,3
1736,0
1737,3
1738,2
1739,2
1740,2
1741,2
1742,0
1743,0
1744,1
1745,0
1746,2
1747,3
1748,2
1749,3
1750,0
1751,1
1752,0
1753,2
1754,0
1755,3
1756,2
1757,0
1758,0
1759,1
1760,2
1761,2
1762,0
1763,2
1764,2
1765,2
1766,0
1767,3
1768,0
1769,2
1770,2
1771,1
1772,2
1773,3
1774,0
1775,3
1776,0
1777,0
1778,0
1779,2
1780,2
1781,2
1782,0
1783,3
1784,0
1785,0
1786,2
1787,0
1788,1
1789,0
1790,2
1791,0
1792,2
1793,0
1794,2
1795,2
1796,2
1797,1
1798,1
1799,2
1800,2
1801,1
1802,0
1803,0
1804,2
1805,1
1806,2
1807,3
1808,2
1809,1
1810,2
1811,0
1812,0
1813,0
1814,3
1815,2
1816,2
1817,3
1818,2
1819,0
1820,2
1821,2
1822,2
1823,3
1824,2
1825,0
1826,0
1827,2
1828,1
1829,2
1830,0
1831,2
1832,3
1833,2
1834,2
1835,0
1836,0
1837,2
1838,2
1839,1
1840,0
1841,3
1842,0
1843,2
1844,0
1845,2
1846,0
1847,2
1848,0
1849,0
1850,0
1851,2
1852,0
1853,2
1854,0
1855,2
1856,3
1857,0
1858,2
1859,3
1860,2
1861,0
1862,0
1863,1
1864,3
1865,3
1866,0
1867,2
1868,3
1869,0
1870,1
1871,2
1872,1
1873,2
1874,1
1875,2
1876,1
1877,2
1878,0
1879,2
1880,3
1881,3
1882,2
1883,3
1884,3
1885,0
1886,0
1887,0
1888,3
1889,0
1890,2
1891,2
1892,2
1893,2
1894,2
1895,0
1896,2
1897,1
1898,0
1899,0
1900,2
1901,0
1902,2
1903,0
1904,0
1905,2
1906,1
1907,2
1908,0
1909,0
1910,2
1911,3
1912,3
1913,0
1914,0
1915,0
1916,3
1917,3
1918,1
1919,2
1920,3
1921,0
1922,2
1923,0
1924,2
1925,2
1926,0
1927,2
1928,0
1929,2
1930,2
1931,2
1932,0
1933,2
1934,2
1935,1
1936,2
1937,0
1938,1
1939,2
1940,0
1941,2
1942,0
1943,0
1944,0
1945,3
1946,0
1947,0
1948,2
1949,2
1950,2
1951,0
1952,3
1953,3
1954,0
1955,3
1956,3
1957,1
1958,0
1959,0
1960,2
1961,0
1962,3
1963,0
1964,2
1965,3
1966,2
1967,0
1968,1
1969,2
1970,2
1971,2
1972,1
1973,1
1974,1
1975,2
1976,3
1977,2
1978,0
1979,0
1980,2
1981,2
1982,0
1983,1
1984,2
1985,2
1986,3
1987,0
1988,2
1989,0
1990,2
1991,0
1992,2
1993,2
1994,2
1995,1
1996,0
1997,0
1998,0
1999,2
2000,1
2001,2
2002,2
2003,0
2004,0
2005,2
2006,3
2007,2
2008,2
2009,2
2010,3
2011,1
2012,0
2013,1
2014,3
2015,0
2016,0
2017,1
2018,0
2019,2
2020,2
2021,1
2022,1
2023,2
2024,0
2025,0
2026,2
2027,2
2028,0
2029,1
2030,3
2031,0
2032,0
2033,2
2034,0
2035,0
2036,2
2037,0
2038,0
2039,2
2040,0
2041,2
2042,0
2043,2
2044,2
2045,2
2046,0
2047,2
2048,0
2049,2
2050,0
2051,0
2052,2
2053,2
2054,0
2055,0
2056,0
2057,2
2058,0
2059,2
2060,0
2061,3
2062,0
2063,1
2064,2
2065,3
2066,1
2067,2
2068,1
2069,0
2070,2
2071,1
2072,1
2073,0
2074,2
2075,0
2076,1
2077,2
2078,2
2079,1
2080,2
2081,2
2082,0
2083,0
2084,1
2085,0
2086,0
2087,1
2088,0
2089,2
2090,2
2091,0
2092,3
2093,2
2094,1
2095,2
2096,0
2097,2
2098,0
2099,2
2100,1
2101,0
2102,0
2103,0
2104,2
2105,2
2106,2
2107,2
2108,2
2109,1
2110,3
2111,2
2112,1
2113,2
2114,0
2115,0
2116,2
2117,0
2118,2
2119,2
2120,0
2121,2
2122,1
2123,0
2124,1
2125,0
2126,1
2127,2
2128,2
2129,0
2130,2
2131,0
2132,1
2133,1
2134,0
2135,2
2136,1
2137,0
2138,0
2139,1
2140,1
2141,0
2142,0
2143,0
2144,0
2145,2
2146,1
2147,1
2148,0
2149,0
2150,0
2151,1
2152,1
2153,2
2154,0
2155,2
2156,2
2157,0
2158,0
2159,2
2160,0
2161,2
2162,2
2163,0
2164,1
2165,0
2166,0
2167,0
2168,2
2169,1
2170,0
2171,0
2172,0
2173,2
2174,0
2175,0
2176,2
2177,0
2178,2
2179,3
2180,0
2181,2
2182,0
2183,0
2184,2
2185,1
2186,1
2187,0
2188,2
2189,0
2190,0
2191,2
2192,2
2193,1
2194,0
2195,2
2196,3
2197,1
2198,0
2199,2
2200,2
2201,2
2202,0
2203,2
2204,0
2205,2
2206,0
2207,0
2208,0
2209,0
2210,0
2211,0
2212,0
2213,2
2214,3
2215,0
2216,2
2217,0
2218,0
2219,0
2220,2
2221,0
2222,0
2223,0
2224,0
2225,2
2226,2
2227,0
2228,3
2229,2
2230,1
2231,2
2232,2
2233,0
2234,3
2235,2
2236,2
2237,3
2238,0
2239,0
2240,0
2241,2
2242,2
2243,0
2244,0
2245,0
2246,0
2247,0
2248,0
2249,2
2250,0
2251,2
2252,3
2253,1
2254,3
2255,2
2256,3
2257,2
2258,0
2259,3
2260,0
2261,0
2262,0
2263,1
2264,1
2265,0
2266,0
2267,1
2268,2
2269,0
2270,0
2271,0
2272,2
2273,0
2274,0
2275,2
2276,3
2277,0
2278,0
2279,0
2280,2
2281,0
2282,1
2283,0
2284,0
2285,3
2286,1
2287,0
2288,0
2289,3
2290,2
2291,2
2292,0
2293,0
2294,0
2295,2
2296,0
2297,0
2298,0
2299,0
2300,2
2301,0
2302,0
2303,0
2304,1
2305,0
2306,0
2307,1
2308,0
2309,3
2310,2
2311,2
2312,0
2313,0
2314,0
2315,3
2316,0
2317,2
2318,0
2319,2
2320,2
2321,2
2322,1
2323,0
2324,2
2325,0
2326,1
2327,2
2328,2
2329,0
2330,0
2331,0
2332,2
2333,0
2334,3
2335,2
2336,0
2337,2
2338,0
2339,3
2340,0
2341,0
2342,2
2343,0
2344,2
2345,2
2346,2
2347,0
2348,2
2349,0
2350,3
2351,0
2352,0
2353,0
2354,3
2355,0
2356,2
2357,0
2358,2
2359,0
2360,0
2361,0
2362,2
2363,2
2364,3
2365,3
2366,0
2367,2
2368,1
2369,1
2370,0
2371,3
2372,0
2373,2
2374,2
2375,2
2376,2
2377,0
2378,2
2379,0
2380,0
2381,1
2382,2
2383,0
2384,0
2385,2
2386,2
2387,0
2388,2
2389,1
2390,0
2391,0
2392,2
2393,2
2394,0
2395,1
2396,0
2397,0
2398,0
2399,2
2400,0
2401,1
2402,0
2403,2
2404,0
2405,3
2406,3
2407,0
2408,0
2409,2
2410,0
2411,0
2412,2
2413,1
2414,3
2415,3
2416,2
2417,0
2418,1
2419,3
2420,2
2421,2
2422,3
2423,0
2424,0
2425,2
2426,2
2427,0
2428,0
2429,0
2430,0
2431,1
2432,0
2433,0
2434,2
2435,0
2436,1
2437,0
2438,1
2439,2
2440,0
2441,1
2442,0
2443,1
2444,2
2445,2
2446,0
2447,1
2448,0
2449,0
2450,2
2451,0
2452,0
2453,1
2454,0
2455,0
2456,2
2457,1
2458,2
2459,2
2460,3
2461,2
2462,0
2463,1
2464,0
2465,2
2466,0
2467,0
2468,0
2469,0
2470,2
2471,3
2472,0
2473,3
2474,2
2475,2
2476,3
2477,0
2478,3
2479,1
2480,0
2481,0
2482,1
2483,2
2484,0
2485,0
2486,0
2487,0
2488,0
2489,0
2490,1
2491,1
2492,0
2493,0
2494,1
2495,1
2496,0
2497,2
2498,1
2499,0
2500,0
2501,2
2502,2
2503,3
2504,1
2505,3
2506,1
2507,0
2508,0
2509,0
2510,0
2511,1
2512,0
2513,0
2514,0
2515,0
2516,1
2517,0
2518,1
2519,1
2520,0
2521,3
2522,0
2523,1
2524,0
2525,3
2526,0
2527,0
2528,1
2529,0
2530,1
2531,2
2532,2
2533,0
2534,0
2535,1
2536,0
2537,0
2538,2
2539,0
2540,2
2541,0
2542,0
2543,0
2544,0
2545,2
2546,0
2547,0
2548,0
2549,2
2550,2
2551,1
2552,1
2553,0
2554,0
2555,2
2556,3
2557,0
2558,0
2559,1
2560,3
2561,3
2562,0
2563,1
2564,3
2565,3
2566,0
2567,3
2568,0
2569,0
2570,2
2571,2
2572,0
2573,2
2574,0
2575,0
2576,0
2577,3
2578,2
2579,3
2580,1
2581,0
2582,0
2583,0
2584,0
2585,0
2586,0
2587,1
2588,1
2589,0
2590,3
2591,1
2592,2
2593,0
2594,2
2595,1
2596,0
2597,2
2598,2
2599,0
2600,0
2601,1
2602,2
2603,3
2604,0
2605,3
2606,2
2607,2
2608,2
2609,2
2610,2
2611,0
2612,0
2613,0
2614,2
2615,0
2616,2
2617,1
2618,0
2619,1
2620,0
2621,0
2622,1
2623,1
2624,2
2625,0
2626,2
2627,1
2628,2
2629,1
2630,1
2631,2
2632,0
2633,1
2634,0
2635,2
2636,0
2637,0
2638,2
2639,2
2640,3
2641,1
2642,0
2643,0
2644,1
2645,0
2646,2
2647,0
2648,0
2649,0
2650,2
2651,0
2652,0
2653,2
2654,2
2655,2
2656,0
2657,1
2658,0
2659,1
2660,0
2661,3
2662,0
2663,0
2664,3
2665,0
2666,0
2667,3
2668,0
2669,0
2670,1
2671,2
2672,3
2673,1
2674,3
2675,2
2676,0
2677,3
2678,3
2679,2
2680,0
2681,3
2682,0
2683,0
2684,2
2685,0
2686,2
2687,0
2688,2
2689,1
2690,0
2691,2
2692,2
2693,2
2694,0
2695,0
2696,0
2697,1
2698,0
2699,2
2700,0
2701,1
2702,0
2703,2
2704,2
2705,2
2706,1
2707,0
2708,0
2709,2
2710,0
2711,0
2712,0
2713,0
2714,2
2715,0
2716,0
2717,2
2718,2
2719,3
2720,2
2721,2
2722,0
2723,0
2724,0
2725,2
2726,2
2727,0
2728,0
2729,1
2730,0
2731,2
2732,0
2733,0
2734,2
2735,0
2736,1
2737,2
2738,1
2739,1
2740,3
2741,3
2742,0
2743,0
2744,3
2745,2
2746,2
2747,0
2748,0
2749,0
2750,2
2751,1
2752,3
2753,2
2754,2
2755,0
2756,1
2757,0
2758,0
2759,0
2760,0
2761,2
2762,2
2763,2
2764,2
2765,2
2766,0
2767,1
2768,1
2769,0
2770,1
2771,0
2772,0
2773,2
2774,2
2775,2
2776,2
2777,2
2778,2
2779,2
2780,0
2781,0
2782,1
2783,0
2784,0
2785,0
2786,2
2787,2
2788,0
2789,2
2790,3
2791,1
2792,3
2793,2
2794,3
2795,0
2796,0
2797,2
2798,0
2799,3
2800,0
2801,2
2802,2
2803,0
2804,2
2805,2
2806,0
2807,2
2808,0
2809,1
2810,2
2811,2
2812,2
2813,2
2814,2
2815,0
2816,0
2817,3
2818,2
2819,1
2820,0
2821,0
2822,2
2823,2
2824,2
2825,3
2826,1
2827,3
2828,0
2829,2
2830,0
2831,1
2832,1
2833,1
2834,2
2835,0
2836,2
2837,0
2838,3
2839,0
2840,0
2841,2
2842,0
2843,1
2844,0
2845,0
2846,2
2847,1
2848,3
2849,1
2850,2
2851,2
2852,0
2853,2
2854,3
2855,2
2856,0
2857,1
2858,3
2859,1
2860,0
2861,2
2862,1
2863,3
2864,1
2865,1
2866,0
2867,0
2868,2
2869,0
2870,0
2871,0
2872,0
2873,2
2874,3
2875,2
2876,2
2877,3
2878,0
2879,2
2880,2
2881,2
2882,3
2883,2
2884,0
2885,0
2886,1
2887,3
2888,1
2889,0
2890,2
2891,1
2892,0
2893,0
2894,2
2895,2
2896,2
2897,2
2898,2
2899,2
2900,0
2901,0
2902,2
2903,0
2904,0
2905,0
2906,2
2907,3
2908,3
2909,3
2910,0
2911,0
2912,2
2913,2
2914,0
2915,0
2916,2
2917,2
2918,2
2919,0
2920,0
2921,0
2922,0
2923,0
2924,1
2925,2
2926,3
2927,0
2928,2
2929,2
2930,2
2931,0
2932,0
2933,2
2934,2
2935,3
2936,0
2937,2
2938,1
2939,2
2940,0
2941,0
2942,2
2943,1
2944,0
2945,2
2946,1
2947,2
2948,2
2949,2
2950,3
2951,2
2952,2
2953,0
2954,1
2955,2
2956,3
2957,0
2958,0
2959,2
2960,2
2961,2
2962,0
2963,3
2964,0
2965,0
2966,0
2967,0
2968,0
2969,2
2970,2
2971,0
2972,2
2973,3
2974,1
2975,3
2976,2
2977,0
2978,2
2979,0
2980,1
2981,0
2982,0
2983,0
2984,2
2985,2
2986,3
2987,0
2988,2
2989,2
2990,2
2991,0
2992,0
2993,3
2994,3
2995,3
2996,3
2997,3
2998,0
2999,3
3000,1
3001,3
3002,1
3003,0
3004,0
3005,3
3006,2
3007,3
3008,3
3009,0
3010,1
3011,0
3012,0
3013,2
3014,0
3015,2
3016,0
3017,2
3018,0
3019,0
3020,0
3021,0
3022,2
3023,2
3024,0
3025,2
3026,2
3027,2
3028,0
3029,2
3030,2
3031,2
3032,0
3033,2
3034,0
3035,0
3036,2
3037,0
3038,1
3039,2
3040,2
3041,0
3042,2
3043,1
3044,3
3045,0
3046,2
3047,2
3048,0
3049,1
3050,3
3051,2
3052,3
3053,2
3054,0
3055,1
3056,0
3057,0
3058,0
3059,2
3060,3
3061,0
3062,1
3063,1
3064,1
3065,0
3066,2
3067,0
3068,1
3069,0
3070,0
3071,2
3072,1
3073,0
3074,0
3075,0
3076,3
3077,0
3078,2
3079,0
3080,0
3081,0
3082,3
3083,3
3084,0
3085,2
3086,2
3087,0
3088,0
3089,2
3090,3
3091,2
3092,1
3093,3
3094,0
3095,0
3096,3
3097,0
3098,2
3099,2
3100,2
3101,2
3102,1
3103,2
3104,1
3105,0
3106,2
3107,3
3108,3
3109,3
3110,2
3111,0
3112,1
3113,2
3114,1
3115,0
3116,0
3117,0
3118,1
3119,2
3120,2
3121,0
3122,2
3123,2
3124,2
3125,0
3126,2
3127,3
3128,2
3129,0
3130,0
3131,2
3132,0
3133,2
3134,0
3135,3
3136,0
3137,0
3138,3
3139,0
3140,3
3141,0
3142,0
3143,2
3144,1
3145,1
3146,0
3147,1
3148,0
3149,0
3150,2
3151,3
3152,0
3153,0
3154,2
3155,1
3156,3
3157,1
3158,0
3159,0
3160,3
3161,0
3162,0
3163,0
3164,2
3165,1
3166,1
3167,3
3168,2
3169,0
3170,0
3171,2
3172,0
3173,0
3174,0
3175,1
3176,0
3177,1
3178,0
3179,2
3180,2
3181,3
3182,1
3183,2
3184,3
3185,2
3186,0
3187,0
3188,1
3189,3
3190,2
3191,3
3192,0
3193,0
3194,2
3195,0
3196,0
3197,0
3198,1
3199,0
3200,1
3201,0
3202,1
3203,2
3204,3
3205,0
3206,0
3207,2
3208,0
3209,1
3210,3
3211,2
3212,0
3213,0
3214,0
3215,1
3216,0
3217,0
3218,0
3219,3
3220,3
3221,1
3222,2
3223,0
3224,2
3225,0
3226,2
3227,1
3228,2
3229,1
3230,0
3231,2
3232,0
3233,0
3234,1
3235,0
3236,0
3237,1
3238,0
3239,3
3240,1
3241,1
3242,1
3243,2
3244,0
3245,0
3246,0
3247,3
3248,0
3249,0
3250,0
3251,0
3252,0
3253,1
3254,3
3255,3
3256,2
3257,2
3258,2
3259,0
3260,3
3261,0
3262,2
3263,1
3264,1
3265,3
3266,2
3267,0
3268,0
3269,0
3270,0
3271,0
3272,1
3273,0
3274,0
3275,3
3276,2
3277,0
3278,3
3279,0
3280,0
3281,3
3282,0
3283,1
3284,2
3285,2
3286,0
3287,0
3288,1
3289,2
3290,1
3291,1
3292,2
3293,0
3294,1
3295,0
3296,2
3297,1
3298,0
3299,0
3300,3
3301,2
3302,0
3303,0
3304,0
3305,1
3306,3
3307,3
3308,0
3309,0
3310,2
3311,1
3312,3
3313,1
3314,2
3315,2
3316,3
3317,2
3318,2
3319,2
3320,0
3321,0
3322,2
3323,2
3324,3
3325,3
3326,1
3327,0
3328,0
3329,2
3330,1
3331,2
3332,1
3333,2
3334,1
3335,2
3336,2
3337,2
3338,0
3339,2
3340,0
3341,1
3342,3
3343,0
3344,2
3345,2
3346,1
3347,1
3348,0
3349,0
3350,0
3351,0
3352,3
3353,0
3354,0
3355,0
3356,3
3357,0
3358,0
3359,2
3360,2
3361,3
3362,0
3363,2
3364,1
3365,0
3366,0
3367,1
3368,2
3369,1
3370,0
3371,0
3372,2
3373,3
3374,2
3375,0
3376,0
3377,1
3378,0
3379,0
3380,0
3381,0
3382,0
3383,2
3384,0
3385,0
3386,3
3387,0
3388,2
3389,2
3390,2
3391,3
3392,0
3393,2
3394,0
3395,2
3396,0
3397,0
3398,2
3399,2
3400,2
3401,2
3402,1
3403,0
3404,1
3405,0
3406,2
3407,1
3408,1
3409,0
3410,1
3411,2
3412,0
3413,0
3414,2
3415,1
3416,1
3417,2
3418,1
3419,2
3420,0
3421,1
3422,1
3423,0
3424,1
3425,2
3426,1
3427,1
3428,1
3429,0
3430,0
3431,1
3432,0
3433,0
3434,1
3435,0
3436,1
3437,0
3438,2
3439,0
3440,2
3441,0
3442,0
3443,0
3444,2
3445,0
3446,2
3447,0
3448,0
3449,2
3450,3
3451,3
3452,0
3453,0
3454,3
3455,2
3456,1
3457,0
3458,1
3459,0
3460,3
3461,2
3462,2
3463,2
3464,3
3465,3
3466,2
3467,3
3468,2
3469,1
3470,2
3471,2
3472,2
3473,0
3474,0
3475,0
3476,0
3477,0
3478,0
3479,0
3480,1
3481,3
3482,2
3483,0
3484,0
3485,0
3486,1
3487,1
3488,0
3489,0
3490,0
3491,1
3492,1
3493,1
3494,0
3495,0
3496,0
3497,2
3498,0
3499,2
3500,2
3501,2
3502,1
3503,3
3504,2
3505,2
3506,2
3507,0
3508,0
3509,1
3510,2
3511,0
3512,0
3513,2
3514,0
3515,0
3516,1
3517,0
3518,0
3519,0
3520,3
3521,0
3522,3
3523,1
3524,2
3525,0
3526,0
3527,3
3528,1
3529,2
3530,0
3531,0
3532,0
3533,3
3534,3
3535,2
3536,0
3537,2
3538,1
3539,2
3540,0
3541,0
3542,0
3543,0
3544,0
3545,3
3546,3
3547,0
3548,2
3549,2
3550,0
3551,1
3552,0
3553,1
3554,1
3555,0
3556,0
3557,0
3558,0
3559,2
3560,3
3561,2
3562,0
3563,0
3564,0
3565,0
3566,2
3567,3
3568,0
3569,1
3570,2
3571,0
3572,3
3573,0
3574,1
3575,0
3576,0
3577,3
3578,0
3579,1
3580,0
3581,0
3582,3
3583,0
3584,0
3585,3
3586,1
3587,0
3588,0
3589,0
3590,1
3591,2
3592,0
3593,1
3594,0
3595,0
3596,1
3597,0
3598,2
3599,0
3600,0
3601,0
3602,1
3603,0
3604,2
3605,1
3606,0
3607,2
3608,1
3609,3
3610,0
3611,1
3612,0
3613,0
3614,0
3615,1
3616,2
3617,2
3618,0
3619,0
3620,0
3621,0
3622,3
3623,0
3624,2
3625,2
3626,2
3627,0
3628,2
3629,0
3630,2
3631,2
3632,0
3633,1
3634,0
3635,0
3636,1
3637,0
3638,0
3639,2
3640,2
3641,2
3642,1
3643,0
3644,0
3645,0
3646,3
3647,3
3648,0
3649,0
3650,2
3651,0
3652,2
3653,2
3654,0
3655,2
3656,2
3657,0
3658,2
3659,2
3660,0
3661,0
3662,3
3663,2
3664,2
3665,0
3666,0
3667,0
3668,0
3669,0
3670,0
3671,3
3672,0
3673,1
3674,2
3675,0
3676,2
3677,0
3678,2
3679,0
3680,0
3681,3
3682,2
3683,0
3684,2
3685,3
3686,0
3687,1
3688,2
3689,2
3690,0
3691,1
3692,1
3693,2
3694,0
3695,2
3696,2
3697,0
3698,2
3699,0
3700,2
3701,1
3702,3
3703,0
3704,0
3705,0
3706,0
3707,2
3708,2
3709,1
3710,2
3711,1
3712,1
3713,1
3714,2
3715,0
3716,0
3717,2
3718,2
3719,2
3720,2
3721,0
3722,2
3723,0
3724,0
3725,0
3726,2
3727,1
3728,0
3729,0
3730,0
3731,2
3732,3
3733,2
3734,0
3735,2
3736,3
3737,1
3738,2
3739,1
3740,2
3741,3
3742,2
3743,2
3744,2
3745,2
3746,3
3747,0
3748,3
3749,0
3750,0
3751,2
3752,0
3753,0
3754,1
3755,2
3756,2
3757,2
3758,0
3759,1
3760,2
3761,1
3762,2
3763,3
3764,2
3765,2
3766,0
3767,0
3768,0
3769,0
3770,0
3771,0
3772,0
3773,2
3774,0
3775,0
3776,2
3777,0
3778,2
3779,0
3780,0
3781,0
3782,0
3783,0
3784,2
3785,2
3786,2
3787,2
3788,2
3789,1
3790,0
3791,2
3792,1
3793,0
3794,3
3795,2
3796,0
3797,2
3798,2
3799,3
3800,2
3801,0
3802,3
3803,0
3804,2
3805,1
3806,1
3807,2
3808,0
3809,3
3810,0
3811,0
3812,0
3813,0
3814,2
3815,3
3816,0
3817,3
3818,0
3819,3
3820,1
3821,0
3822,0
3823,0
3824,0
3825,3
3826,2
3827,2
3828,3
3829,2
3830,2
3831,2
3832,1
3833,1
3834,1
3835,2
3836,2
3837,0
3838,0
3839,2
3840,3
3841,2
3842,0
3843,2
3844,0
3845,0
3846,0
3847,0
3848,1
3849,0
3850,1
3851,0
3852,1
3853,0
3854,2
3855,2
3856,0
3857,0
3858,2
3859,2
3860,0
3861,2
3862,0
3863,0
3864,0
3865,2
3866,0
3867,2
3868,2
3869,0
3870,0
3871,3
3872,2
3873,1
3874,3
3875,2
3876,0
3877,0
3878,3
3879,1
3880,0
3881,0
3882,0
3883,3
3884,3
3885,0
3886,0
3887,0
3888,0
3889,0
3890,2
3891,2
3892,0
3893,0
3894,0
3895,0
3896,0
3897,0
3898,0
3899,2
3900,0
3901,0
3902,2
3903,1
3904,0
3905,2
3906,2
3907,3
3908,0
3909,2
3910,2
3911,0
3912,0
3913,2
3914,1
3915,1
3916,1
3917,1
3918,2
3919,0
3920,0
3921,3
3922,2
3923,0
3924,0
3925,0
3926,1
3927,2
3928,1
3929,0
3930,1
3931,0
3932,2
3933,2
3934,0
3935,3
3936,0
3937,2
3938,0
3939,2
3940,1
3941,2
3942,0
3943,0
3944,0
3945,0
3946,3
3947,2
3948,2
3949,2
3950,0
3951,1
3952,3
3953,3
3954,2
3955,0
3956,0
3957,0
3958,0
3959,0
3960,0
3961,3
3962,1
3963,1
3964,0
3965,0
3966,0
3967,3
3968,2
3969,1
3970,1
3971,0
3972,1
3973,1
3974,0
3975,1
3976,3
3977,0
3978,0
3979,1
3980,1
3981,1
3982,0
3983,0
3984,1
3985,0
3986,0
3987,2
3988,0
3989,0
3990,3
3991,0
3992,0
3993,0
3994,0
3995,0
3996,0
3997,0
3998,2
3999,2
4000,0
4001,3
4002,2
4003,2
4004,1
4005,3
4006,0
4007,1
4008,3
4009,0
4010,3
4011,3
4012,0
4013,3
4014,2
4015,0
4016,2
4017,0
4018,2
4019,0
4020,2
4021,3
4022,2
4023,0
4024,0
4025,1
4026,2
4027,1
4028,2
4029,2
4030,0
4031,2
4032,2
4033,0
4034,3
4035,0
4036,0
4037,1
4038,0
4039,2
4040,2
4041,0
4042,0
4043,3
4044,3
4045,0
4046,2
4047,0
4048,0
4049,0
4050,3
4051,0
4052,2
4053,1
4054,0
4055,3
4056,3
4057,0
4058,2
4059,0
4060,0
4061,0
4062,3
4063,0
4064,3
4065,1
4066,1
4067,0
4068,2
4069,2
4070,2
4071,2
4072,0
4073,2
4074,2
4075,0
4076,0
4077,0
4078,2
4079,0
4080,3
4081,1
4082,0
4083,2
4084,0
4085,0
4086,0
4087,2
4088,2
4089,2
4090,3
4091,2
4092,3
4093,3
4094,0
4095,2
4096,0
4097,3
4098,0
4099,3
4100,0
4101,0
4102,0
4103,0
4104,2
4105,0
4106,0
4107,0
4108,0
4109,2
4110,3
4111,0
4112,1
4113,2
4114,1
4115,0
4116,0
4117,0
4118,3
4119,0
4120,0
4121,0
4122,0
4123,0
4124,1
4125,2
4126,1
4127,0
4128,0
4129,2
4130,0
4131,2
4132,0
4133,2
4134,3
4135,3
4136,0
4137,0
4138,2
4139,2
4140,3
4141,0
4142,0
4143,0
4144,3
4145,0
4146,2
4147,2
4148,0
4149,0
4150,0
4151,1
4152,0
4153,2
4154,0
4155,2
4156,0
4157,1
4158,0
4159,0
4160,0
4161,2
4162,2
4163,2
4164,3
4165,0
4166,0
4167,1
4168,2
4169,0
4170,1
4171,0
4172,0
4173,2
4174,1
4175,2
4176,2
4177,2
4178,0
4179,2
4180,3
4181,0
4182,2
4183,0
4184,1
4185,1
4186,2
4187,1
4188,0
4189,0
4190,0
4191,2
4192,2
4193,1
4194,1
4195,0
4196,2
4197,2
4198,0
4199,2
4200,0
4201,0
4202,2
4203,1
4204,1
4205,0
4206,0
4207,1
4208,2
4209,2
4210,0
4211,2
4212,0
4213,0
4214,2
4215,0
4216,2
4217,0
4218,0
4219,2
4220,1
4221,1
4222,0
4223,1
4224,3
4225,2
4226,3
4227,1
4228,0
4229,0
4230,1
4231,0
4232,0
4233,2
4234,0
4235,0
4236,2
4237,2
4238,3
4239,1
4240,0
4241,2
4242,2
4243,1
4244,0
4245,2
4246,0
4247,0
4248,0
4249,0
4250,2
4251,1
4252,2
4253,2
4254,0
4255,0
4256,0
4257,0
4258,2
4259,2
4260,3
4261,0
4262,1
4263,0
4264,3
4265,1
4266,2
4267,2
4268,0
4269,0
4270,0
4271,0
4272,0
4273,2
4274,3
4275,1
4276,3
4277,3
4278,0
4279,0
4280,1
4281,1
4282,0
4283,2
4284,0
4285,2
4286,1
4287,0
4288,3
4289,2
4290,0
4291,0
4292,0
4293,2
4294,0
4295,0
4296,1
4297,0
4298,0
4299,0
4300,2
4301,1
4302,0
4303,1
4304,2
4305,1
4306,2
4307,2
4308,0
4309,1
4310,3
4311,0
4312,2
4313,0
4314,0
4315,0
4316,0
4317,1
4318,2
4319,2
4320,0
4321,2
4322,2
4323,2
4324,0
4325,1
4326,0
4327,0
4328,0
4329,0
4330,0
4331,2
4332,2
4333,0
4334,0
4335,0
4336,0
4337,1
4338,2
4339,2
4340,1
4341,1
4342,0
4343,0
4344,0
4345,0
4346,0
4347,0
4348,2
4349,0
4350,3
4351,0
4352,0
4353,2
4354,2
4355,0
4356,2
4357,3
4358,1
4359,0
4360,0
4361,0
4362,2
4363,1
4364,1
4365,3
4366,2
4367,3
4368,1
4369,3
4370,1
4371,0
4372,1
4373,0
4374,2
4375,2
4376,0
4377,1
4378,0
4379,0
4380,2
4381,1
4382,3
4383,3
4384,3
4385,0
4386,2
4387,2
4388,0
4389,3
4390,2
4391,2
4392,2
4393,0
4394,2
4395,2
4396,1
4397,3
4398,0
4399,0
4400,0
4401,3
4402,0
4403,2
4404,2
4405,0
4406,3
4407,3
4408,0
4409,0
4410,0
4411,0
4412,0
4413,0
4414,0
4415,2
4416,3
4417,2
4418,0
4419,0
4420,1
4421,2
4422,0
4423,2
4424,2
4425,2
4426,1
4427,1
4428,0
4429,0
4430,1
4431,0
4432,0
4433,3
4434,2
4435,2
4436,0
4437,0
4438,0
4439,0
4440,0
4441,3
4442,0
4443,2
4444,1
4445,2
4446,1
4447,2
4448,2
4449,1
4450,2
4451,2
4452,2
4453,1
4454,1
4455,1
4456,1
4457,0
4458,0
4459,2
4460,0
4461,0
4462,3
4463,1
4464,2
4465,2
4466,3
4467,2
4468,2
4469,0
4470,0
4471,2
4472,2
4473,2
4474,2
4475,2
4476,0
4477,2
4478,2
4479,3
4480,2
4481,0
4482,2
4483,0
4484,2
4485,2
4486,0
4487,0
4488,0
4489,1
4490,2
4491,2
4492,1
4493,0
4494,2
4495,1
4496,3
4497,1
4498,0
4499,3
4500,0
4501,2
4502,0
4503,3
4504,0
4505,0
4506,3
4507,2
4508,1
4509,0
4510,2
4511,1
4512,2
4513,0
4514,2
4515,2
4516,0
4517,1
4518,3
4519,0
4520,0
4521,3
4522,1
4523,2
4524,1
4525,2
4526,3
4527,1
4528,1
4529,1
4530,3
4531,0
4532,3
4533,0
4534,3
4535,1
4536,2
4537,2
4538,0
4539,0
4540,0
4541,2
4542,0
4543,1
4544,2
4545,0
4546,2
4547,2
4548,0
4549,1
4550,2
4551,2
4552,2
4553,2
4554,0
4555,0
4556,1
4557,0
4558,2
4559,0
4560,2
4561,0
4562,0
4563,2
4564,3
4565,0
4566,2
4567,3
4568,2
4569,0
4570,1
4571,0
4572,2
4573,0
4574,2
4575,0
4576,2
4577,0
4578,0
4579,2
4580,0
4581,1
4582,2
4583,0
4584,2
4585,2
4586,2
4587,1
4588,0
4589,2
4590,0
4591,0
4592,1
4593,2
4594,1
4595,3
4596,0
4597,2
4598,0
4599,0
4600,0
4601,0
4602,0
4603,0
4604,0
4605,0
4606,0
4607,2
4608,2
4609,0
4610,0
4611,1
4612,1
4613,3
4614,2
4615,0
4616,0
4617,1
4618,2
4619,1
4620,0
4621,2
4622,3
4623,2
4624,1
4625,2
4626,0
4627,0
4628,1
4629,3
4630,0
4631,2
4632,0
4633,1
4634,1
4635,0
4636,0
4637,0
4638,1
4639,0
4640,2
4641,0
4642,0
4643,3
4644,0
4645,3
4646,0
4647,2
4648,1
4649,1
4650,2
4651,0
4652,2
4653,2
4654,2
4655,0
4656,2
4657,0
4658,3
4659,0
4660,1
4661,2
4662,0
4663,2
4664,3
4665,3
4666,2
4667,0
4668,0
4669,0
4670,2
4671,1
4672,0
4673,2
4674,0
4675,0
4676,1
4677,2
4678,0
4679,0
4680,0
4681,0
4682,0
4683,2
4684,2
4685,2
4686,1
4687,2
4688,2
4689,2
4690,2
4691,1
4692,3
4693,1
4694,2
4695,0
4696,1
4697,1
4698,2
4699,2
4700,2
4701,2
4702,0
4703,0
4704,3
4705,3
4706,0
4707,0
4708,1
4709,0
4710,0
4711,0
4712,3
4713,0
4714,0
4715,2
4716,0
4717,1
4718,0
4719,2
4720,2
4721,0
4722,0
4723,1
4724,2
4725,3
4726,1
4727,2
4728,1
4729,2
4730,2
4731,3
4732,2
4733,1
4734,3
4735,0
4736,2
4737,2
4738,2
4739,2
4740,0
4741,0
4742,2
4743,1
4744,2
4745,0
4746,0
4747,0
4748,3
4749,2
4750,3
4751,1
4752,3
4753,2
4754,2
4755,2
4756,0
4757,3
4758,0
4759,0
4760,1
4761,2
4762,2
4763,0
4764,2
4765,1
4766,0
4767,0
4768,2
4769,0
4770,0
4771,1
4772,1
4773,1
4774,2
4775,2
4776,2
4777,2
4778,1
4779,1
4780,0
4781,2
4782,2
4783,1
4784,2
4785,3
4786,3
4787,2
4788,0
4789,0
4790,0
4791,0
4792,1
4793,2
4794,2
4795,0
4796,2
4797,3
4798,2
4799,0
4800,3
4801,2
4802,1
4803,0
4804,0
4805,0
4806,2
4807,0
4808,0
4809,2
4810,0
4811,2
4812,0
4813,0
4814,2
4815,3
4816,1
4817,2
4818,3
4819,3
4820,2
4821,0
4822,1
4823,2
4824,2
4825,2
4826,2
4827,2
4828,0
4829,0
4830,0
4831,0
4832,0
4833,0
4834,1
4835,0
4836,2
4837,0
4838,3
4839,2
4840,3
4841,0
4842,0
4843,1
4844,1
4845,1
4846,0
4847,3
4848,0
4849,0
4850,2
4851,2
4852,0
4853,1
4854,2
4855,1
4856,0
4857,0
4858,0
4859,3
4860,0
4861,2
4862,0
4863,0
4864,1
4865,0
4866,2
4867,1
4868,2
4869,1
4870,0
4871,0
4872,0
4873,2
4874,2
4875,0
4876,0
4877,2
4878,0
4879,2
4880,0
4881,0
4882,0
4883,2
4884,1
4885,1
4886,2
4887,0
4888,0
4889,0
4890,2
4891,2
4892,2
4893,0
4894,2
4895,3
4896,0
4897,3
4898,2
4899,0
4900,3
4901,2
4902,3
4903,2
4904,1
4905,3
4906,0
4907,2
4908,0
4909,0
4910,2
4911,2
4912,1
4913,0
4914,2
4915,3
4916,3
4917,3
4918,2
4919,0
4920,1
4921,0
4922,2
4923,3
4924,0
4925,0
4926,2
4927,2
4928,0
4929,3
4930,0
4931,0
4932,2
4933,1
4934,0
4935,3
4936,2
4937,0
4938,3
4939,2
4940,3
4941,1
4942,2
4943,2
4944,1
4945,3
4946,3
4947,2
4948,2
4949,1
4950,0
4951,0
4952,2
4953,2
4954,3
4955,2
4956,2
4957,1
4958,0
4959,1
4960,3
4961,2
4962,2
4963,2
4964,2
4965,3
4966,2
4967,3
4968,0
4969,0
4970,0
4971,1
4972,2
4973,0
4974,3
4975,1
4976,2
4977,2
4978,2
4979,2
4980,2
4981,0
4982,0
4983,2
4984,1
4985,2
4986,0
4987,2
4988,0
4989,3
4990,0
4991,0
4992,2
4993,2
4994,0
4995,1
4996,2
4997,1
4998,0
4999,2
5000,2
5001,2
5002,3
5003,3
5004,0
5005,0
5006,0
5007,2
5008,2
5009,0
5010,2
5011,2
5012,2
5013,2
5014,2
5015,0
5016,3
5017,0
5018,0
5019,0
5020,0
5021,2
5022,1
5023,0
5024,1
5025,0
5026,2
5027,0
5028,2
5029,2
5030,3
5031,2
5032,3
5033,2
5034,2
5035,3
5036,0
5037,2
5038,2
5039,0
5040,2
5041,2
5042,2
5043,0
5044,2
5045,0
5046,3
5047,0
5048,0
5049,2
5050,2
5051,0
5052,2
5053,2
5054,1
5055,2
5056,2
5057,0
5058,3
5059,2
5060,2
5061,0
5062,2
5063,1
5064,2
5065,1
5066,0
5067,3
5068,2
5069,2
5070,2
5071,2
5072,0
5073,2
5074,0
5075,0
5076,1
5077,0
5078,1
5079,0
5080,0
5081,0
5082,2
5083,2
5084,0
5085,0
5086,2
5087,0
5088,0
5089,2
5090,3
5091,3
5092,0
5093,2
5094,3
5095,1
5096,2
5097,0
5098,0
5099,0
5100,1
5101,2
5102,0
5103,3
5104,1
5105,0
5106,3
5107,0
5108,2
5109,0
5110,0
5111,1
5112,1
5113,2
5114,1
5115,1
5116,2
5117,3
5118,2
5119,2
5120,0
5121,0
5122,2
5123,2
5124,2
5125,0
5126,1
5127,3
5128,3
5129,0
5130,2
5131,2
5132,2
5133,1
5134,2
5135,0
5136,2
5137,2
5138,0
5139,2
5140,2
5141,2
5142,0
5143,0
5144,0
5145,3
5146,0
5147,1
5148,2
5149,3
5150,1
5151,3
5152,3
5153,0
5154,1
5155,0
5156,2
5157,1
5158,2
5159,2
5160,1
5161,2
5162,1
5163,0
5164,2
5165,2
5166,3
5167,0
5168,2
5169,2
5170,2
5171,2
5172,0
5173,0
5174,2
5175,2
5176,0
5177,0
5178,2
5179,0
5180,0
5181,0
5182,0
5183,2
5184,2
5185,1
5186,2
5187,3
5188,2
5189,3
5190,2
5191,3
5192,0
5193,0
5194,2
5195,2
5196,0
5197,3
5198,1
5199,1
5200,0
5201,3
5202,2
5203,2
5204,0
5205,3
5206,2
5207,0
5208,1
5209,2
5210,2
5211,0
5212,2
5213,0
5214,2
5215,2
5216,2
5217,2
5218,2
5219,2
5220,3
5221,0
5222,3
5223,0
5224,0
5225,1
5226,0
5227,2
5228,0
5229,2
5230,0
5231,3
5232,0
5233,0
5234,2
5235,0
5236,0
5237,2
5238,2
5239,2
5240,2
5241,0
5242,0
5243,1
5244,1
5245,0
5246,2
5247,3
5248,0
5249,3
5250,3
5251,0
5252,0
5253,0
5254,2
5255,0
5256,0
5257,1
5258,0
5259,2
5260,1
5261,3
5262,1
5263,2
5264,0
5265,1
5266,1
5267,2
5268,2
5269,2
5270,0
5271,0
5272,2
5273,0
5274,2
5275,0
5276,2
5277,0
5278,2
5279,0
5280,0
5281,0
5282,2
5283,0
5284,3
5285,2
5286,2
5287,3
5288,0
5289,0
5290,1
5291,1
5292,3
5293,0
5294,2
5295,2
5296,1
5297,0
5298,3
5299,2
5300,2
5301,0
5302,0
5303,2
5304,1
5305,0
5306,0
5307,2
5308,3
5309,0
5310,0
5311,2
5312,2
5313,3
5314,0
5315,2
5316,2
5317,0
5318,0
5319,0
5320,2
5321,0
5322,0
5323,0
5324,3
5325,2
5326,0
5327,3
5328,2
5329,0
5330,0
5331,0
5332,2
5333,2
5334,0
5335,2
5336,1
5337,0
5338,0
5339,0
5340,2
5341,2
5342,2
5343,3
5344,0
5345,2
5346,0
5347,2
5348,3
5349,0
5350,0
5351,0
5352,0
5353,0
5354,3
5355,0
5356,3
5357,3
5358,1
5359,1
5360,2
5361,0
5362,0
5363,2
5364,1
5365,0
5366,0
5367,1
5368,2
5369,2
5370,2
5371,0
5372,0
5373,0
5374,2
5375,2
5376,0
5377,2
5378,0
5379,2
5380,0
5381,3
5382,2
5383,2
5384,0
5385,3
5386,0
5387,2
5388,0
5389,0
5390,0
5391,2
5392,0
5393,2
5394,0
5395,0
5396,0
5397,2
5398,3
5399,0
5400,1
5401,0
5402,0
5403,2
5404,0
5405,3
5406,2
5407,2
5408,2
5409,2
5410,1
5411,2
5412,1
5413,2
5414,0
5415,1
5416,0
5417,2
5418,2
5419,2
5420,2
5421,0
5422,2
5423,2
5424,3
5425,2
5426,0
5427,1
5428,0
5429,2
5430,0
5431,0
5432,2
5433,0
5434,2
5435,2
5436,3
5437,2
5438,1
5439,2
5440,0
5441,2
5442,3
5443,2
5444,0
5445,0
5446,2
5447,2
5448,3
5449,2
5450,0
5451,2
5452,2
5453,2
5454,0
5455,0
5456,2
5457,1
5458,2
5459,1
5460,3
5461,2
5462,2
5463,0
5464,0
5465,0
5466,3
5467,2
5468,3
5469,2
5470,1
5471,0
5472,2
5473,2
5474,0
5475,0
5476,0
5477,3
5478,2
5479,2
5480,0
5481,3
5482,1
5483,0
5484,2
5485,2
5486,2
5487,2
5488,0
5489,2
5490,0
5491,2
5492,0
5493,0
5494,0
5495,0
5496,2
5497,0
5498,2
5499,2
5500,0
5501,3
5502,2
5503,2
5504,1
5505,3
5506,0
5507,3
5508,2
5509,0
5510,0
5511,0
5512,1
5513,2
5514,0
5515,0
5516,2
5517,1
5518,2
5519,3
5520,2
5521,0
5522,2
5523,2
5524,1
5525,2
5526,1
5527,2
5528,2
5529,3
5530,3
5531,3
5532,0
5533,1
5534,2
5535,3
5536,0
5537,2
5538,3
5539,0
5540,3
5541,0
5542,2
5543,2
5544,0
5545,2
5546,1
5547,2
5548,0
5549,0
5550,0
5551,2
5552,0
5553,1
5554,0
5555,3
5556,2
5557,0
5558,0
5559,2
5560,2
5561,0
5562,2
5563,1
5564,3
5565,0
5566,0
5567,2
5568,2
5569,0
5570,3
5571,0
5572,2
5573,0
5574,3
5575,0
5576,0
5577,2
5578,0
5579,3
5580,1
5581,2
5582,2
5583,0
5584,0
5585,0
5586,2
5587,2
5588,0
5589,0
5590,1
5591,0
5592,2
5593,0
5594,1
5595,2
5596,2
5597,3
5598,0
5599,0
5600,0
5601,3
5602,1
5603,0
5604,1
5605,1
5606,3
5607,0
5608,3
5609,0
5610,0
5611,0
5612,2
5613,1
5614,1
5615,0
5616,0
5617,2
5618,2
5619,2
5620,0
5621,2
5622,0
5623,2
5624,2
5625,2
5626,1
5627,0
5628,3
5629,1
5630,1
5631,1
5632,2
5633,0
5634,0
5635,2
5636,2
5637,2
5638,2
5639,2
5640,1
5641,3
5642,0
5643,3
5644,2
5645,1
5646,0
5647,0
5648,0
5649,2
5650,0
5651,2
5652,2
5653,2
5654,3
5655,1
5656,0
5657,0
5658,2
5659,1
5660,0
5661,0
5662,0
5663,0
5664,0
5665,2
5666,2
5667,0
5668,2
5669,1
5670,3
5671,2
5672,3
5673,3
5674,3
5675,2
5676,2
5677,2
5678,0
5679,0
5680,0
5681,2
5682,2
5683,2
5684,0
5685,2
5686,2
5687,0
5688,2
5689,1
5690,2
5691,2
5692,0
5693,1
5694,1
5695,2
5696,0
5697,0
5698,2
5699,0
5700,2
5701,0
5702,3
5703,2
5704,0
5705,0
5706,0
5707,2
5708,0
5709,2
5710,3
5711,2
5712,0
5713,0
5714,0
5715,3
5716,1
5717,0
5718,2
5719,0
5720,0
5721,0
5722,0
5723,2
5724,2
5725,0
5726,1
5727,2
5728,2
5729,2
5730,0
5731,3
5732,1
5733,0
5734,1
5735,1
5736,2
5737,0
5738,3
5739,2
5740,0
5741,0
5742,1
5743,3
5744,3
5745,1
5746,0
5747,1
5748,1
5749,2
5750,3
5751,3
5752,0
5753,0
5754,0
5755,2
5756,0
5757,3
5758,3
5759,1
5760,1
5761,0
5762,3
5763,2
5764,0
5765,0
5766,1
5767,2
5768,1
5769,0
5770,2
5771,2
5772,0
5773,2
5774,0
5775,2
5776,0
5777,2
5778,0
5779,0
5780,2
5781,2
5782,2
5783,2
5784,0
5785,2
5786,0
5787,0
5788,3
5789,2
5790,0
5791,2
5792,0
5793,0
5794,3
5795,3
5796,0
5797,2
5798,0
5799,0
5800,1
5801,0
5802,2
5803,2
5804,0
5805,2
5806,3
5807,0
5808,0
5809,2
5810,0
5811,0
5812,3
5813,2
5814,0
5815,3
5816,2
5817,1
5818,2
5819,2
5820,2
5821,0
5822,0
5823,0
5824,3
5825,2
5826,2
5827,0
5828,0
5829,0
5830,1
5831,0
5832,0
5833,1
5834,0
5835,3
5836,0
5837,2
5838,0
5839,2
5840,0
5841,3
5842,2
5843,3
5844,2
5845,2
5846,2
5847,0
5848,2
5849,2
5850,1
5851,0
5852,0
5853,2
5854,0
5855,0
5856,2
5857,2
5858,2
5859,0
5860,3
5861,2
5862,2
5863,1
5864,2
5865,2
5866,3
5867,3
5868,2
5869,0
5870,0
5871,3
5872,0
5873,2
5874,2
5875,1
5876,2
5877,0
5878,0
5879,0
5880,0
5881,2
5882,2
5883,0
5884,2
5885,1
5886,3
5887,1
5888,0
5889,2
5890,2
5891,0
5892,1
5893,0
5894,3
5895,0
5896,0
5897,3
5898,1
5899,2
5900,3
5901,0
5902,0
5903,0
5904,0
5905,0
5906,0
5907,0
5908,2
5909,2
5910,0
5911,0
5912,2
5913,3
5914,2
5915,1
5916,0
5917,2
5918,1
5919,0
5920,2
5921,2
5922,2
5923,2
5924,0
5925,2
5926,1
5927,0
5928,0
5929,0
5930,2
5931,0
5932,0
5933,3
5934,2
5935,2
5936,0
5937,0
5938,2
5939,2
5940,0
5941,1
5942,1
5943,3
5944,2
5945,2
5946,2
5947,1
5948,2
5949,2
5950,2
5951,0
5952,0
5953,1
5954,2
5955,3
5956,2
5957,0
5958,2
5959,2
5960,0
5961,1
5962,0
5963,2
5964,0
5965,2
5966,1
5967,0
5968,3
5969,1
5970,3
5971,1
5972,1
5973,1
5974,0
5975,2
5976,0
5977,2
5978,3
5979,0
5980,0
5981,0
5982,0
5983,0
5984,0
5985,2
5986,1
5987,0
5988,2
5989,0
5990,0
5991,2
5992,0
5993,3
5994,0
5995,1
5996,0
5997,0
5998,0
5999,1
6000,3
6001,3
6002,2
6003,3
6004,2
6005,0
6006,3
6007,0
6008,0
6009,0
6010,2
6011,0
6012,3
6013,2
6014,2
6015,0
6016,2
6017,2
6018,1
6019,0
6020,3
6021,2
6022,3
6023,2
6024,0
6025,3
6026,2
6027,0
6028,0
6029,1
6030,0
6031,1
6032,0
6033,0
6034,0
6035,2
6036,2
6037,0
6038,0
6039,2
6040,0
6041,0
6042,0
6043,0
6044,0
6045,1
6046,0
6047,0
6048,0
6049,3
6050,2
6051,1
6052,0
6053,2
6054,0
6055,2
6056,1
6057,2
6058,1
6059,1
6060,0
6061,1
6062,2
6063,0
6064,0
6065,0
6066,2
6067,2
6068,0
6069,0
6070,2
6071,0
6072,2
6073,1
6074,0
6075,2
6076,3
6077,0
6078,0
6079,2
6080,0
6081,2
6082,0
6083,3
6084,0
6085,2
6086,0
6087,0
6088,0
6089,1
6090,0
6091,2
6092,2
6093,0
6094,2
6095,0
6096,2
6097,2
6098,0
6099,2
6100,0
6101,0
6102,0
6103,2
6104,2
6105,2
6106,0
6107,2
6108,2
6109,0
6110,0
6111,0
6112,0
6113,0
6114,0
6115,2
6116,2
6117,0
6118,2
6119,0
6120,0
6121,2
6122,0
6123,2
6124,1
6125,2
6126,2
6127,2
6128,2
6129,3
6130,1
6131,1
6132,0
6133,3
6134,1
6135,2
6136,0
6137,0
6138,0
6139,0
6140,1
6141,1
6142,1
6143,2
6144,0
6145,3
6146,0
6147,0
6148,2
6149,0
6150,1
6151,0
6152,1
6153,2
6154,0
6155,0
6156,2
6157,2
6158,1
6159,0
6160,2
6161,2
6162,2
6163,2
6164,0
6165,0
6166,2
6167,0
6168,0
6169,0
6170,0
6171,3
6172,0
6173,2
6174,0
6175,3
6176,1
6177,0
6178,0
6179,3
6180,0
6181,0
6182,1
6183,2
6184,0
6185,1
6186,0
6187,0
6188,0
6189,2
6190,1
6191,2
6192,0
6193,2
6194,2
6195,2
6196,0
6197,2
6198,3
6199,2
6200,2
6201,1
6202,2
6203,0
6204,0
6205,0
6206,0
6207,1
6208,0
6209,0
6210,0
6211,0
6212,0
6213,0
6214,0
6215,0
6216,0
6217,2
6218,0
6219,2
6220,0
6221,0
6222,0
6223,2
6224,2
6225,2
6226,1
6227,2
6228,2
6229,2
6230,3
6231,2
6232,1
6233,2
6234,0
6235,0
6236,2
6237,0
6238,1
6239,3
6240,2
6241,1
6242,2
6243,3
6244,0
6245,0
6246,0
6247,0
6248,2
6249,2
6250,2
6251,1
6252,0
6253,0
6254,2
6255,2
6256,2
6257,0
6258,2
6259,1
6260,2
6261,0
6262,1
6263,2
6264,2
6265,1
6266,0
6267,1
6268,1
6269,0
6270,0
6271,2
6272,3
6273,1
6274,2
6275,0
6276,0
6277,2
6278,2
6279,0
6280,1
6281,1
6282,3
6283,1
6284,1
6285,3
6286,0
6287,0
6288,0
6289,2
6290,0
6291,3
6292,1
6293,3
6294,2
6295,1
6296,2
6297,1
6298,0
6299,0
6300,1
6301,1
6302,0
6303,1
6304,0
6305,1
6306,3
6307,2
6308,0
6309,0
6310,0
6311,2
6312,0
6313,2
6314,0
6315,1
6316,1
6317,2
6318,2
6319,2
6320,2
6321,1
6322,0
6323,2
6324,0
6325,2
6326,0
6327,3
6328,0
6329,2
6330,2
6331,0
6332,3
6333,0
6334,0
6335,2
6336,3
6337,0
6338,2
6339,2
6340,0
6341,0
6342,0
6343,2
6344,2
6345,0
6346,0
6347,2
6348,2
6349,0
6350,0
6351,0
6352,1
6353,1
6354,2
6355,1
6356,0
6357,0
6358,0
6359,2
6360,2
6361,2
6362,2
6363,1
6364,0
6365,0
6366,3
6367,2
6368,0
6369,2
6370,0
6371,3
6372,3
6373,0
6374,1
6375,2
6376,0
6377,0
6378,0
6379,1
6380,0
6381,2
6382,2
6383,0
6384,2
6385,0
6386,0
6387,2
6388,0
6389,2
6390,0
6391,0
6392,0
6393,2
6394,2
6395,1
6396,1
6397,0
6398,3
6399,1
6400,1
6401,0
6402,0
6403,2
6404,0
6405,1
6406,1
6407,0
6408,0
6409,2
6410,0
6411,1
6412,0
6413,0
6414,1
6415,0
6416,1
6417,0
6418,2
6419,1
6420,0
6421,0
6422,2
6423,2
6424,0
6425,1
6426,0
6427,2
6428,2
6429,3
6430,0
6431,2
6432,2
6433,2
6434,0
6435,0
6436,1
6437,0
6438,2
6439,0
6440,2
6441,2
6442,2
6443,3
6444,1
6445,0
6446,2
6447,2
6448,0
6449,2
6450,1
6451,1
6452,0
6453,1
6454,0
6455,3
6456,0
6457,0
6458,1
6459,1
6460,0
6461,1
6462,3
6463,1
6464,0
6465,2
6466,2
6467,2
6468,3
6469,0
6470,1
6471,0
6472,2
6473,0
6474,2
6475,0
6476,1
6477,1
6478,3
6479,2
6480,2
6481,3
6482,2
6483,2
6484,1
6485,0
6486,1
6487,1
6488,0
6489,1
6490,1
6491,0
6492,2
6493,1
6494,3
6495,2
6496,0
6497,0
6498,0
6499,0
6500,1
6501,1
6502,2
6503,2
6504,1
6505,0
6506,0
6507,2
6508,1
6509,0
6510,1
6511,1
6512,0
6513,1
6514,0
6515,0
6516,2
6517,1
6518,2
6519,0
6520,0
6521,2
6522,2
6523,0
6524,0
6525,2
6526,2
6527,1
6528,1
6529,0
6530,2
6531,2
6532,2
6533,0
6534,2
6535,1
6536,2
6537,2
6538,0
6539,2
6540,0
6541,2
6542,2
6543,0
6544,2
6545,3
6546,2
6547,1
6548,1
6549,2
6550,2
6551,1
6552,2
6553,2
6554,0
6555,3
6556,0
6557,1
6558,2
6559,1
6560,1
6561,1
6562,0
6563,2
6564,0
6565,1
6566,1
6567,0
6568,1
6569,1
6570,1
6571,2
6572,0
6573,0
6574,2
6575,0
6576,2
6577,2
6578,0
6579,1
6580,0
6581,2
6582,2
6583,0
6584,0
6585,1
6586,0
6587,2
6588,2
6589,3
6590,3
6591,2
6592,1
6593,0
6594,0
6595,0
6596,3
6597,0
6598,2
6599,0
6600,0
6601,3
6602,0
6603,2
6604,3
6605,2
6606,0
6607,1
6608,2
6609,0
6610,0
6611,0
6612,0
6613,0
6614,2
6615,2
6616,0
6617,0
6618,0
6619,2
6620,2
6621,0
6622,3
6623,0
6624,0
6625,1
6626,2
6627,3
6628,0
6629,0
6630,3
6631,2
6632,3
6633,0
6634,1
6635,2
6636,1
6637,0
6638,2
6639,3
6640,3
6641,0
6642,0
6643,0
6644,2
6645,0
6646,0
6647,1
6648,2
6649,2
6650,2
6651,0
6652,2
6653,0
6654,0
6655,3
6656,0
6657,0
6658,0
6659,0
6660,0
6661,3
6662,2
6663,2
6664,2
6665,2
6666,0
6667,1
6668,2
6669,2
6670,2
6671,0
6672,3
6673,0
6674,0
6675,2
6676,2
6677,2
6678,0
6679,2
6680,0
6681,2
6682,1
6683,2
6684,0
6685,2
6686,2
6687,0
6688,2
6689,0
6690,2
6691,3
6692,1
6693,0
6694,2
6695,0
6696,0
6697,2
6698,0
6699,0
6700,2
6701,2
6702,2
6703,2
6704,0
6705,0
6706,1
6707,0
6708,2
6709,2
6710,0
6711,1
6712,0
6713,2
6714,0
6715,1
6716,0
6717,2
6718,0
6719,0
6720,3
6721,2
6722,2
6723,2
6724,1
6725,3
6726,2
6727,0
6728,0
6729,2
6730,0
6731,0
6732,2
6733,2
6734,0
6735,1
6736,0
6737,1
6738,1
6739,0
6740,0
6741,1
6742,2
6743,0
6744,2
6745,0
6746,0
6747,0
6748,0
6749,1
6750,1
6751,0
6752,0
6753,0
6754,0
6755,0
6756,0
6757,3
6758,0
6759,3
6760,1
6761,0
6762,0
6763,1
6764,2
6765,2
6766,0
6767,0
6768,1
6769,3
6770,0
6771,3
6772,3
6773,3
6774,2
6775,2
6776,0
6777,1
6778,0
6779,0
6780,2
6781,1
6782,0
6783,1
6784,0
6785,0
6786,0
6787,3
6788,2
6789,2
6790,2
6791,0
6792,3
6793,0
6794,0
6795,0
6796,0
6797,1
6798,2
6799,1
6800,0
6801,2
6802,0
6803,0
6804,3
6805,0
6806,0
6807,0
6808,0
6809,0
6810,0
6811,1
6812,0
6813,0
6814,0
6815,0
6816,0
6817,2
6818,0
6819,0
6820,1
6821,2
6822,2
6823,0
6824,0
6825,2
6826,3
6827,0
6828,2
6829,3
6830,2
6831,0
6832,0
6833,0
6834,1
6835,0
6836,1
6837,0
6838,0
6839,0
6840,1
6841,1
6842,3
6843,2
6844,3
6845,1
6846,0
6847,0
6848,1
6849,2
6850,1
6851,0
6852,0
6853,2
6854,2
6855,2
6856,2
6857,2
6858,1
6859,0
6860,0
6861,0
6862,2
6863,0
6864,3
6865,0
6866,0
6867,3
6868,1
6869,0
6870,2
6871,3
6872,1
6873,2
6874,0
6875,3
6876,2
6877,0
6878,0
6879,0
6880,0
6881,2
6882,2
6883,0
6884,1
6885,1
6886,2
6887,3
6888,0
6889,0
6890,1
6891,3
6892,0
6893,0
6894,3
6895,2
6896,0
6897,3
6898,2
6899,2
6900,0
6901,0
6902,1
6903,3
6904,3
6905,2
6906,2
6907,3
6908,2
6909,2
6910,2
6911,0
6912,2
6913,0
6914,3
6915,0
6916,3
6917,1
6918,2
6919,0
6920,2
6921,2
6922,0
6923,0
6924,0
6925,2
6926,2
6927,2
6928,0
6929,0
6930,2
6931,0
6932,2
6933,0
6934,2
6935,2
6936,0
6937,3
6938,2
6939,0
6940,2
6941,0
6942,2
6943,0
6944,1
6945,0
6946,0
6947,1
6948,0
6949,0
6950,0
6951,2
6952,0
6953,3
6954,1
6955,2
6956,0
6957,2
6958,3
6959,0
6960,0
6961,0
6962,0
6963,2
6964,2
6965,0
6966,0
6967,0
6968,2
6969,3
6970,2
6971,0
6972,3
6973,3
6974,1
6975,0
6976,0
6977,3
6978,0
6979,2
6980,0
6981,2
6982,0
6983,3
6984,2
6985,3
6986,0
6987,2
6988,2
6989,1
6990,3
6991,1
6992,1
6993,0
6994,2
6995,0
6996,2
6997,0
6998,0
6999,0
7000,0
7001,0
7002,3
7003,0
7004,2
7005,2
7006,1
7007,0
7008,0
7009,1
7010,2
7011,2
7012,2
7013,0
7014,1
7015,2
7016,1
7017,0
7018,2
7019,1
7020,0
7021,2
7022,0
7023,2
7024,2
7025,0
7026,0
7027,2
7028,2
7029,2
7030,2
7031,2
7032,0
7033,3
7034,2
7035,2
7036,2
7037,0
7038,2
7039,0
7040,3
7041,1
7042,3
7043,0
7044,0
7045,0
7046,2
7047,2
7048,2
7049,1
7050,3
7051,1
7052,3
7053,1
7054,0
7055,0
7056,0
7057,1
7058,0
7059,0
7060,0
7061,2
7062,0
7063,1
7064,2
7065,2
7066,2
7067,2
7068,2
7069,2
7070,0
7071,2
7072,2
7073,2
7074,1
7075,2
7076,2
7077,0
7078,0
7079,2
7080,3
7081,2
7082,1
7083,2
7084,3
7085,0
7086,1
7087,0
7088,2
7089,2
7090,3
7091,0
7092,2
7093,1
7094,0
7095,2
7096,0
7097,0
7098,0
7099,1
7100,0
7101,1
7102,0
7103,1
7104,0
7105,2
7106,2
7107,3
7108,2
7109,2
7110,3
7111,0
7112,0
7113,2
7114,0
7115,0
7116,2
7117,3
7118,2
7119,0
7120,0
7121,2
7122,0
7123,2
7124,0
7125,2
7126,3
7127,2
7128,1
7129,3
7130,0
7131,3
7132,0
7133,0
7134,1
7135,2
7136,2
7137,0
7138,2
7139,0
7140,2
7141,0
7142,0
7143,0
7144,1
7145,1
7146,0
7147,3
7148,1
7149,2
7150,0
7151,0
7152,0
7153,1
7154,2
7155,3
7156,1
7157,1
7158,0
7159,0
7160,2
7161,0
7162,2
7163,1
7164,2
7165,0
7166,0
7167,1
7168,1
7169,2
7170,0
7171,1
7172,0
7173,1
7174,2
7175,0
7176,0
7177,0
7178,2
7179,1
7180,2
7181,0
7182,0
7183,3
7184,0
7185,2
7186,1
7187,0
7188,2
7189,1
7190,3
7191,3
7192,3
7193,0
7194,0
7195,0
7196,0
7197,1
7198,0
7199,2
7200,3
7201,3
7202,3
7203,0
7204,1
7205,2
7206,0
7207,2
7208,2
7209,0
7210,1
7211,0
7212,0
7213,0
7214,0
7215,2
7216,2
7217,0
7218,0
7219,0
7220,0
7221,0
7222,0
7223,1
7224,0
7225,1
7226,2
7227,0
7228,0
7229,0
7230,1
7231,0
7232,0
7233,3
7234,1
7235,1
7236,0
7237,0
7238,0
7239,1
7240,0
7241,2
7242,2
7243,2
7244,0
7245,0
7246,0
7247,0
7248,2
7249,2
7250,2
7251,2
7252,0
7253,0
7254,3
7255,0
7256,0
7257,3
7258,3
7259,3
7260,0
7261,1
7262,1
7263,2
7264,0
7265,1
7266,1
7267,0
7268,0
7269,3
7270,0
7271,0
7272,0
7273,0
7274,0
7275,2
7276,0
7277,1
7278,0
7279,0
7280,0
7281,0
7282,1
7283,3
7284,2
7285,0
7286,0
7287,0
7288,0
7289,2
7290,1
7291,3
7292,0
7293,0
7294,0
7295,0
7296,2
7297,0
7298,1
7299,2
7300,0
7301,2
7302,0
7303,1
7304,3
7305,1
7306,1
7307,0
7308,0
7309,2
7310,1
7311,2
7312,0
7313,0
7314,3
7315,2
7316,2
7317,3
7318,1
7319,0
7320,0
7321,1
7322,2
7323,2
7324,0
7325,2
7326,0
7327,0
7328,3
7329,0
7330,2
7331,0
7332,2
7333,1
7334,2
7335,3
7336,3
7337,0
7338,2
7339,3
7340,0
7341,2
7342,0
7343,3
7344,1
7345,2
7346,1
7347,0
7348,2
7349,2
7350,2
7351,0
7352,1
7353,3
7354,1
7355,0
7356,2
7357,0
7358,0
7359,0
7360,2
7361,3
7362,0
7363,2
7364,1
7365,2
7366,0
7367,1
7368,0
7369,0
7370,2
7371,2
7372,0
7373,0
7374,0
7375,1
7376,0
7377,3
7378,0
7379,0
7380,1
7381,0
7382,2
7383,0
7384,0
7385,0
7386,0
7387,2
7388,1
7389,0
7390,3
7391,0
7392,0
7393,2
7394,3
7395,0
7396,2
7397,0
7398,0
7399,2
7400,2
7401,0
7402,2
7403,0
7404,0
7405,2
7406,2
7407,0
7408,2
7409,0
7410,1
7411,2
7412,0
7413,3
7414,0
7415,2
7416,0
7417,0
7418,2
7419,2
7420,0
7421,0
7422,2
7423,0
7424,1
7425,2
7426,0
7427,2
7428,3
7429,1
7430,2
7431,1
7432,0
7433,0
7434,1
7435,1
7436,0
7437,3
7438,2
7439,2
7440,0
7441,2
7442,0
7443,2
7444,1
7445,0
7446,1
7447,0
7448,0
7449,0
7450,0
7451,0
7452,3
7453,0
7454,1
7455,2
7456,0
7457,0
7458,1
7459,2
7460,3
7461,0
7462,3
7463,3
7464,0
7465,2
7466,2
7467,3
7468,0
7469,2
7470,3
7471,1
7472,2
7473,2
7474,0
7475,3
7476,0
7477,0
7478,0
7479,2
7480,0
7481,2
7482,3
7483,0
7484,2
7485,3
7486,2
7487,3
7488,0
7489,1
7490,2
7491,0
7492,0
7493,0
7494,1
7495,0
7496,2
7497,1
7498,0
7499,0
7500,0
7501,2
7502,2
7503,3
7504,0
7505,0
7506,0
7507,3
7508,2
7509,2
7510,1
7511,2
7512,2
7513,0
7514,0
7515,2
7516,2
7517,0
7518,2
7519,3
7520,0
7521,0
7522,0
7523,2
7524,3
7525,2
7526,0
7527,3
7528,0
7529,2
7530,2
7531,2
7532,0
7533,0
7534,2
7535,3
7536,3
7537,0
7538,2
7539,1
7540,0
7541,2
7542,2
7543,1
7544,0
7545,2
7546,0
7547,1
7548,0
7549,0
7550,0
7551,2
7552,2
7553,2
7554,1
7555,2
7556,2
7557,0
7558,0
7559,0
7560,2
7561,2
7562,0
7563,2
7564,3
7565,2
7566,3
7567,2
7568,2
7569,2
7570,2
7571,0
7572,2
7573,3
7574,0
7575,2
7576,0
7577,0
7578,2
7579,0
7580,1
7581,0
7582,0
7583,1
7584,0
7585,1
7586,0
7587,2
7588,3
7589,0
7590,3
7591,2
7592,1
7593,0
7594,0
7595,3
7596,3
7597,2
7598,0
7599,2
7600,2
7601,2
7602,1
7603,3
7604,1
7605,3
7606,0
7607,3
7608,0
7609,2
7610,0
7611,0
7612,2
7613,0
7614,0
7615,0
7616,0
7617,2
7618,0
7619,2
7620,0
7621,2
7622,2
7623,2
7624,3
7625,2
7626,2
7627,2
7628,0
7629,1
7630,0
7631,3
7632,0
7633,1
7634,0
7635,2
7636,0
7637,0
7638,2
7639,1
7640,0
7641,2
7642,2
7643,1
7644,0
7645,0
7646,1
7647,2
7648,3
7649,0
7650,0
7651,2
7652,3
7653,0
7654,0
7655,0
7656,3
7657,1
7658,3
7659,0
7660,1
7661,2
7662,2
7663,2
7664,0
7665,3
7666,2
7667,3
7668,0
7669,2
7670,0
7671,0
7672,0
7673,2
7674,2
7675,0
7676,2
7677,0
7678,0
7679,0
7680,0
7681,3
7682,0
7683,0
7684,1
7685,3
7686,3
7687,0
7688,2
7689,2
7690,2
7691,3
7692,0
7693,2
7694,2
7695,2
7696,1
7697,3
7698,0
7699,0
7700,0
7701,2
7702,0
7703,2
7704,0
7705,0
7706,2
7707,1
7708,1
7709,0
7710,0
7711,0
7712,0
7713,0
7714,0
7715,2
7716,1
7717,0
7718,1
7719,2
7720,1
7721,2
7722,2
7723,2
7724,0
7725,2
7726,0
7727,0
7728,3
7729,0
7730,0
7731,3
7732,2
7733,0
7734,2
7735,1
7736,0
7737,0
7738,0
7739,1
7740,0
7741,2
7742,2
7743,1
7744,2
7745,2
7746,1
7747,3
7748,1
7749,0
7750,2
7751,3
7752,0
7753,0
7754,0
7755,2
7756,3
7757,2
7758,2
7759,0
7760,0
7761,3
7762,0
7763,2
7764,1
7765,0
7766,0
7767,2
7768,2
7769,0
7770,1
7771,0
7772,2
7773,1
7774,0
7775,2
7776,3
7777,0
7778,1
7779,0
7780,0
7781,1
7782,1
7783,0
7784,0
7785,2
7786,3
7787,2
7788,2
7789,0
7790,0
7791,1
7792,2
7793,0
7794,3
7795,0
7796,0
7797,0
7798,2
7799,2
7800,3
7801,2
7802,2
7803,0
7804,3
7805,3
7806,1
7807,0
7808,2
7809,2
7810,1
7811,2
7812,2
7813,2
7814,2
7815,2
7816,2
7817,0
7818,2
7819,0
7820,1
7821,1
7822,0
7823,2
7824,0
7825,0
7826,0
7827,1
7828,0
7829,2
7830,0
7831,3
7832,1
7833,2
7834,2
7835,2
7836,0
7837,3
7838,0
7839,0
7840,1
7841,0
7842,3
7843,0
7844,0
7845,2
7846,2
7847,0
7848,2
7849,0
7850,3
7851,2
7852,0
7853,2
7854,2
7855,2
7856,1
7857,0
7858,0
7859,1
7860,0
7861,3
7862,0
7863,3
7864,2
7865,3
7866,0
7867,0
7868,3
7869,0
7870,0
7871,0
7872,1
7873,3
7874,0
7875,1
7876,0
7877,3
7878,2
7879,0
7880,2
7881,0
7882,0
7883,1
7884,2
7885,0
7886,0
7887,2
7888,1
7889,2
7890,2
7891,2
7892,0
7893,2
7894,0
7895,0
7896,1
7897,0
7898,3
7899,0
7900,2
7901,0
7902,0
7903,3
7904,0
7905,0
7906,2
7907,0
7908,0
7909,0
7910,3
7911,0
7912,2
7913,1
7914,0
7915,1
7916,0
7917,1
7918,1
7919,1
7920,0
7921,0
7922,2
7923,0
7924,0
7925,0
7926,0
7927,0
7928,0
7929,1
7930,3
7931,1
7932,0
7933,1
7934,2
7935,1
7936,2
7937,0
7938,2
7939,2
7940,1
7941,0
7942,2
7943,1
7944,1
7945,3
7946,1
7947,0
7948,2
7949,0
7950,2
7951,0
7952,2
7953,3
7954,2
7955,2
7956,3
7957,0
7958,0
7959,0
7960,2
7961,0
7962,2
7963,0
7964,2
7965,2
7966,1
7967,0
7968,0
7969,0
7970,1
7971,0
7972,3
7973,0
7974,3
7975,0
7976,2
7977,0
7978,2
7979,0
7980,0
7981,0
7982,0
7983,0
7984,0
7985,0
7986,2
7987,0
7988,3
7989,3
7990,3
7991,1
7992,3
7993,2
7994,0
7995,0
7996,2
7997,3
7998,0
7999,0
8000,1
8001,2
8002,2
8003,0
8004,0
8005,0
8006,0
8007,0
8008,1
8009,1
8010,1
8011,2
8012,1
8013,2
8014,2
8015,2
8016,3
8017,2
8018,0
8019,2
8020,1
8021,0
8022,2
8023,1
8024,2
8025,2
8026,0
8027,0
8028,2
8029,1
8030,2
8031,0
8032,3
8033,1
8034,3
8035,0
8036,3
8037,2
8038,0
8039,0
8040,3
8041,0
8042,2
8043,2
8044,0
8045,1
8046,0
8047,2
8048,0
8049,3
8050,0
8051,1
8052,2
8053,2
8054,0
8055,1
8056,0
8057,3
8058,2
8059,2
8060,1
8061,2
8062,0
8063,2
8064,0
8065,0
8066,1
8067,2
8068,2
8069,0
8070,2
8071,2
8072,1
8073,3
8074,2
8075,3
8076,2
8077,1
8078,2
8079,2
8080,0
8081,0
8082,2
8083,0
8084,0
8085,0
8086,1
8087,0
8088,2
8089,0
8090,0
8091,0
8092,3
8093,2
8094,0
8095,1
8096,1
8097,0
8098,0
8099,1
8100,0
8101,1
8102,0
8103,2
8104,0
8105,0
8106,2
8107,3
8108,0
8109,0
8110,3
8111,0
8112,0
8113,0
8114,2
8115,1
8116,2
8117,2
8118,0
8119,2
8120,3
8121,0
8122,1
8123,0
8124,3
8125,2
8126,2
8127,2
8128,2
8129,2
8130,1
8131,1
8132,0
8133,0
8134,1
8135,0
8136,3
8137,0
8138,3
8139,0
8140,0
8141,0
8142,0
8143,1
8144,0
8145,0
8146,0
8147,2
8148,3
8149,0
8150,0
8151,0
8152,3
8153,2
8154,2
8155,0
8156,0
8157,0
8158,3
8159,2
8160,0
8161,1
8162,0
8163,2
8164,1
8165,1
8166,3
8167,2
8168,2
8169,2
8170,1
8171,2
8172,0
8173,2
8174,0
8175,2
8176,3
8177,0
8178,0
8179,1
8180,2
8181,0
8182,0
8183,0
8184,3
8185,2
8186,2
8187,2
8188,0
8189,0
8190,0
8191,0
8192,0
8193,0
8194,3
8195,2
8196,0
8197,0
8198,1
8199,0
8200,0
8201,0
8202,3
8203,0
8204,1
8205,3
8206,1
8207,0
8208,2
8209,2
8210,1
8211,3
8212,1
8213,2
8214,2
8215,2
8216,3
8217,3
8218,0
8219,0
8220,2
8221,0
8222,2
8223,3
8224,1
8225,0
8226,1
8227,2
8228,0
8229,0
8230,2
8231,0
8232,2
8233,0
8234,2
8235,2
8236,3
8237,1
8238,2
8239,2
8240,0
8241,2
8242,0
8243,0
8244,1
8245,2
8246,2
8247,0
8248,1
8249,0
8250,2
8251,0
8252,2
8253,0
8254,2
8255,0
8256,0
8257,0
8258,0
8259,2
8260,2
8261,2
8262,0
8263,0
8264,1
8265,0
8266,0
8267,0
8268,0
8269,2
8270,0
8271,0
8272,1
8273,0
8274,0
8275,0
8276,0
8277,1
8278,2
8279,2
8280,0
8281,0
8282,0
8283,2
8284,2
8285,0
8286,2
8287,1
8288,3
8289,2
8290,0
8291,3
8292,1
8293,0
8294,0
8295,0
8296,0
8297,1
8298,0
8299,0
8300,0
8301,2
8302,2
8303,0
8304,1
8305,3
8306,0
8307,0
8308,0
8309,2
8310,0
8311,1
8312,3
8313,3
8314,2
8315,2
8316,2
8317,1
8318,1
8319,0
8320,1
8321,0
8322,0
8323,2
8324,0
8325,0
8326,3
8327,0
8328,2
8329,0
8330,3
8331,2
8332,2
8333,0
8334,2
8335,0
8336,0
8337,1
8338,1
8339,1
8340,1
8341,0
8342,1
8343,2
8344,3
8345,0
8346,0
8347,2
8348,0
8349,3
8350,2
8351,0
8352,0
8353,3
8354,2
8355,2
8356,0
8357,2
8358,0
8359,0
8360,0
8361,3
8362,0
8363,0
8364,0
8365,2
8366,0
8367,0
8368,2
8369,0
8370,2
8371,0
8372,3
8373,2
8374,2
8375,0
8376,0
8377,0
8378,0
8379,0
8380,1
8381,0
8382,2
8383,3
8384,2
8385,2
8386,0
8387,3
8388,2
8389,0
8390,2
8391,2
8392,1
8393,0
8394,0
8395,1
8396,1
8397,2
8398,2
8399,2
8400,2
8401,0
8402,0
8403,1
8404,2
8405,2
8406,0
8407,0
8408,0
8409,1
8410,2
8411,3
8412,1
8413,0
8414,3
8415,2
8416,0
8417,2
8418,2
8419,3
8420,2
8421,0
8422,1
8423,2
8424,3
8425,0
8426,1
8427,1
8428,0
8429,2
8430,1
8431,1
8432,0
8433,2
8434,0
8435,0
8436,0
8437,1
8438,3
8439,0
8440,0
8441,2
8442,0
8443,2
8444,0
8445,0
8446,2
8447,3
8448,0
8449,1
8450,1
8451,0
8452,0
8453,0
8454,0
8455,0
8456,0
8457,0
8458,0
8459,0
8460,2
8461,3
8462,1
8463,0
8464,1
8465,3
8466,0
8467,0
8468,0
8469,0
8470,2
8471,1
8472,1
8473,0
8474,3
8475,0
8476,2
8477,2
8478,2
8479,0
8480,3
8481,2
8482,2
8483,0
8484,1
8485,2
8486,2
8487,1
8488,2
8489,0
8490,0
8491,2
8492,0
8493,0
8494,2
8495,2
8496,0
8497,0
8498,2
8499,1
8500,2
8501,2
8502,2
8503,2
8504,3
8505,2
8506,2
8507,0
8508,2
8509,0
8510,0
8511,0
8512,3
8513,0
8514,1
8515,3
8516,2
8517,0
8518,2
8519,1
8520,3
8521,2
8522,2
8523,2
8524,0
8525,2
8526,0
8527,1
8528,0
8529,2
8530,3
8531,2
8532,0
8533,2
8534,2
8535,0
8536,0
8537,2
8538,0
8539,0
8540,2
8541,0
8542,2
8543,0
8544,2
8545,2
8546,3
8547,0
8548,0
8549,2
8550,2
8551,0
8552,2
8553,3
8554,2
8555,3
8556,2
8557,2
8558,0
8559,1
8560,1
8561,0
8562,1
8563,1
8564,3
8565,2
8566,0
8567,2
8568,2
8569,0
8570,2
8571,0
8572,0
8573,1
8574,0
8575,2
8576,0
8577,2
8578,3
8579,1
8580,2
8581,2
8582,0
8583,3
8584,0
8585,0
8586,3
8587,2
8588,0
8589,2
8590,0
8591,2
8592,1
8593,0
8594,2
8595,0
8596,3
8597,0
8598,3
8599,3
8600,2
8601,2
8602,0
8603,2
8604,2
8605,2
8606,0
8607,3
8608,3
8609,3
8610,0
8611,0
8612,2
8613,2
8614,1
8615,2
8616,2
8617,2
8618,1
8619,0
8620,2
8621,2
8622,2
8623,0
8624,2
8625,2
8626,2
8627,0
8628,2
8629,2
8630,1
8631,2
8632,2
8633,3
8634,3
8635,0
8636,2
8637,2
8638,2
8639,2
8640,0
8641,0
8642,0
8643,0
8644,2
8645,0
8646,0
8647,0
8648,0
8649,1
8650,2
8651,3
8652,2
8653,2
8654,3
8655,3
8656,3
8657,2
8658,2
8659,2
8660,2
8661,1
8662,1
8663,0
8664,0
8665,3
8666,0
8667,0
8668,2
8669,2
8670,3
8671,2
8672,3
8673,2
8674,2
8675,0
8676,0
8677,2
8678,3
8679,2
8680,0
8681,2
8682,2
8683,2
8684,3
8685,2
8686,2
8687,3
8688,2
8689,2
8690,0
8691,2
8692,3
8693,3
8694,3
8695,0
8696,2
8697,3
8698,3
8699,0
8700,3
8701,0
8702,0
8703,0
8704,3
8705,2
8706,0
8707,0
8708,2
8709,3
8710,0
8711,2
8712,2
8713,2
8714,0
8715,2
8716,0
8717,3
8718,2
8719,0
8720,3
8721,3
8722,2
8723,3
8724,3
8725,0
8726,2
8727,0
8728,0
8729,3
8730,1
8731,2
8732,2
8733,2
8734,0
8735,2
8736,2
8737,2
8738,2
8739,0
8740,2
8741,0
8742,2
8743,2
8744,0
8745,2
8746,2
8747,0
8748,0
8749,2
8750,0
8751,2
8752,2
8753,0
8754,0
8755,0
8756,0
8757,2
8758,2
8759,2
8760,3
8761,2
8762,3
8763,2
8764,0
8765,3
8766,0
8767,0
8768,1
8769,2
8770,0
8771,2
8772,2
8773,2
8774,2
8775,3
8776,0
8777,2
8778,2
8779,2
8780,2
8781,0
8782,2
8783,1
8784,2
8785,0
8786,3
8787,0
8788,0
8789,2
8790,0
8791,2
8792,1
8793,2
8794,0
8795,2
8796,0
8797,2
8798,0
8799,0
8800,2
8801,0
8802,0
8803,2
8804,3
8805,0
8806,0
8807,1
8808,0
8809,2
8810,2
8811,2
8812,2
8813,2
8814,0
8815,2
8816,2
8817,1
8818,2
8819,0
8820,0
8821,2
8822,3
8823,2
8824,0
8825,0
8826,0
8827,3
8828,0
8829,3
8830,2
8831,0
8832,0
8833,0
8834,0
8835,0
8836,0
8837,1
8838,2
8839,3
8840,2
8841,0
8842,0
8843,2
8844,0
8845,1
8846,2
8847,0
8848,3
8849,2
8850,2
8851,0
8852,2
8853,0
8854,1
8855,1
8856,2
8857,0
8858,1
8859,0
8860,0
8861,0
8862,0
8863,0
8864,2
8865,0
8866,1
8867,3
8868,2
8869,2
8870,2
8871,0
8872,2
8873,0
8874,3
8875,2
8876,0
8877,0
8878,1
8879,2
8880,0
8881,2
8882,3
8883,2
8884,1
8885,0
8886,0
8887,0
8888,2
8889,0
8890,2
8891,2
8892,0
8893,2
8894,2
8895,0
8896,3
8897,2
8898,1
8899,3
8900,0
8901,2
8902,2
8903,2
8904,2
8905,3
8906,2
8907,2
8908,0
8909,2
8910,3
8911,2
8912,2
8913,2
8914,0
8915,2
8916,0
8917,2
8918,2
8919,1
8920,0
8921,2
8922,2
8923,2
8924,2
8925,2
8926,1
8927,1
8928,1
8929,2
8930,2
8931,2
8932,2
8933,3
8934,0
8935,2
8936,0
8937,2
8938,0
8939,0
8940,3
8941,0
8942,0
8943,3
8944,1
8945,2
8946,2
8947,2
8948,0
8949,3
8950,0
8951,2
8952,0
8953,2
8954,0
8955,2
8956,2
8957,0
8958,0
8959,1
8960,0
8961,0
8962,0
8963,3
8964,3
8965,0
8966,2
8967,2
8968,0
8969,0
8970,0
8971,0
8972,0
8973,0
8974,0
8975,2
8976,3
8977,2
8978,2
8979,0
8980,1
8981,0
8982,0
8983,1
8984,1
8985,0
8986,0
8987,1
8988,1
8989,3
8990,2
8991,0
8992,2
8993,0
8994,0
8995,0
8996,2
8997,2
8998,3
8999,0
9000,0
9001,0
9002,0
9003,0
9004,1
9005,0
9006,1
9007,2
9008,0
9009,0
9010,2
9011,0
9012,0
9013,0
9014,0
9015,2
9016,0
9017,2
9018,0
9019,0
9020,0
9021,2
9022,3
9023,2
9024,2
9025,0
9026,2
9027,3
9028,0
9029,1
9030,0
9031,0
9032,0
9033,0
9034,1
9035,1
9036,0
9037,3
9038,3
9039,0
9040,0
9041,2
9042,0
9043,0
9044,2
9045,2
9046,0
9047,2
9048,0
9049,0
9050,3
9051,2
9052,1
9053,0
9054,3
9055,0
9056,0
9057,2
9058,0
9059,2
9060,0
9061,0
9062,1
9063,3
9064,0
9065,3
9066,3
9067,1
9068,1
9069,0
9070,0
9071,2
9072,0
9073,0
9074,3
9075,3
9076,2
9077,1
9078,2
9079,2
9080,0
9081,0
9082,1
9083,0
9084,0
9085,2
9086,3
9087,2
9088,2
9089,2
9090,2
9091,0
9092,0
9093,1
9094,1
9095,2
9096,2
9097,0
9098,2
9099,2
9100,0
9101,0
9102,0
9103,0
9104,1
9105,2
9106,1
9107,0
9108,3
9109,0
9110,2
9111,3
9112,2
9113,2
9114,0
9115,2
9116,2
9117,2
9118,1
9119,0
9120,1
9121,2
9122,2
9123,1
9124,3
9125,2
9126,0
9127,0
9128,1
9129,2
9130,2
9131,0
9132,2
9133,2
9134,1
9135,1
9136,2
9137,0
9138,1
9139,0
9140,3
9141,0
9142,2
9143,0
9144,0
9145,2
9146,1
9147,0
9148,2
9149,0
9150,2
9151,0
9152,1
9153,0
9154,0
9155,0
9156,2
9157,2
9158,2
9159,0
9160,2
9161,0
9162,0
9163,1
9164,2
9165,3
9166,2
9167,1
9168,3
9169,0
9170,2
9171,3
9172,2
9173,0
9174,3
9175,0
9176,0
9177,3
9178,2
9179,1
9180,1
9181,1
9182,0
9183,2
9184,2
9185,3
9186,1
9187,1
9188,0
9189,0
9190,3
9191,0
9192,2
9193,3
9194,2
9195,2
9196,2
9197,0
9198,0
9199,2
9200,1
9201,2
9202,1
9203,1
9204,2
9205,0
9206,0
9207,1
9208,3
9209,2
9210,2
9211,2
9212,0
9213,2
9214,2
9215,1
9216,2
9217,1
9218,1
9219,1
9220,2
9221,2
9222,1
9223,0
9224,3
9225,1
9226,2
9227,2
9228,1
9229,3
9230,2
9231,2
9232,2
9233,0
9234,0
9235,2
9236,3
9237,2
9238,3
9239,3
9240,2
9241,2
9242,2
9243,2
9244,2
9245,1
9246,3
9247,2
9248,0
9249,0
9250,0
9251,0
9252,3
9253,0
9254,2
9255,2
9256,0
9257,2
9258,2
9259,1
9260,3
9261,1
9262,0
9263,0
9264,1
9265,2
9266,0
9267,0
9268,3
9269,2
9270,0
9271,2
9272,1
9273,1
9274,1
9275,2
9276,0
9277,0
9278,3
9279,1
9280,0
9281,2
9282,3
9283,2
9284,3
9285,2
9286,2
9287,0
9288,2
9289,2
9290,0
9291,1
9292,1
9293,2
9294,2
9295,3
9296,2
9297,2
9298,0
9299,2
9300,2
9301,2
9302,2
9303,0
9304,0
9305,0
9306,2
9307,2
9308,2
9309,0
9310,3
9311,0
9312,3
9313,3
9314,1
9315,3
9316,3
9317,0
9318,2
9319,0
9320,2
9321,2
9322,3
9323,0
9324,0
9325,0
9326,0
9327,2
9328,0
9329,2
9330,2
9331,0
9332,3
9333,0
9334,1
9335,0
9336,3
9337,3
9338,0
9339,1
9340,2
9341,3
9342,2
9343,2
9344,1
9345,3
9346,2
9347,2
9348,2
9349,1
9350,3
9351,0
9352,1
9353,2
9354,0
9355,0
9356,0
9357,3
9358,0
9359,3
9360,1
9361,0
9362,2
9363,0
9364,0
9365,1
9366,2
9367,2
9368,0
9369,0
9370,2
9371,0
9372,0
9373,0
9374,1
9375,1
9376,1
9377,0
9378,1
9379,3
9380,0
9381,2
9382,3
9383,1
9384,3
9385,2
9386,0
9387,0
9388,3
9389,2
9390,2
9391,2
9392,1
9393,2
9394,1
9395,3
9396,2
9397,0
9398,2
9399,3
9400,2
9401,0
9402,2
9403,1
9404,3
9405,2
9406,2
9407,2
9408,0
9409,1
9410,0
9411,0
9412,0
9413,3
9414,0
9415,0
9416,0
9417,2
9418,1
9419,2
9420,1
9421,2
9422,2
9423,1
9424,3
9425,1
9426,2
9427,2
9428,3
9429,2
9430,2
9431,0
9432,0
9433,2
9434,2
9435,2
9436,0
9437,2
9438,2
9439,2
9440,2
9441,0
9442,0
9443,3
9444,2
9445,2
9446,3
9447,2
9448,2
9449,3
9450,2
9451,0
9452,2
9453,2
9454,3
9455,2
9456,2
9457,1
9458,2
9459,0
9460,0
9461,0
9462,2
9463,2
9464,0
9465,0
9466,2
9467,2
9468,2
9469,0
9470,2
9471,2
9472,2
9473,1
9474,0
9475,2
9476,2
9477,2
9478,2
9479,0
9480,2
9481,3
9482,2
9483,0
9484,2
9485,2
9486,2
9487,2
9488,2
9489,2
9490,3
9491,0
9492,2
9493,1
9494,0
9495,0
9496,2
9497,1
9498,0
9499,2
9500,2
9501,1
9502,2
9503,2
9504,3
9505,2
9506,2
9507,2
9508,2
9509,0
9510,2
9511,0
9512,2
9513,0
9514,0
9515,2
9516,2
9517,2
9518,1
9519,2
9520,2
9521,0
9522,3
9523,2
9524,2
9525,0
9526,3
9527,2
9528,2
9529,0
9530,0
9531,0
9532,0
9533,0
9534,0
9535,0
9536,2
9537,2
9538,3
9539,2
9540,3
9541,0
9542,2
9543,0
9544,1
9545,2
9546,2
9547,2
9548,2
9549,2
9550,0
9551,2
9552,0
9553,0
9554,2
9555,2
9556,0
9557,1
9558,2
9559,0
9560,1
9561,0
9562,3
9563,2
9564,0
9565,2
9566,1
9567,3
9568,1
9569,2
9570,1
9571,2
9572,2
9573,0
9574,2
9575,0
9576,1
9577,2
9578,0
9579,2
9580,3
9581,2
9582,1
9583,2
9584,0
9585,3
9586,0
9587,2
9588,2
9589,2
9590,2
9591,1
9592,1
9593,1
9594,3
9595,0
9596,2
9597,2
9598,0
9599,0
9600,0
9601,0
9602,2
9603,0
9604,2
9605,1
9606,0
9607,1
9608,1
9609,2
9610,2
9611,2
9612,3
9613,3
9614,2
9615,0
9616,0
9617,2
9618,0
9619,2
9620,2
9621,2
9622,1
9623,0
9624,2
9625,2
9626,0
9627,0
9628,0
9629,2
9630,0
9631,2
9632,0
9633,0
9634,2
9635,3
9636,2
9637,2
9638,3
9639,2
9640,0
9641,2
9642,0
9643,0
9644,0
9645,0
9646,0
9647,2
9648,2
9649,2
9650,1
9651,1
9652,2
9653,0
9654,2
9655,2
9656,0
9657,2
9658,3
9659,2
9660,2
9661,2
9662,2
9663,2
9664,0
9665,2
9666,2
9667,3
9668,0
9669,2
9670,2
9671,0
9672,2
9673,2
9674,1
9675,2
9676,2
9677,1
9678,0
9679,1
9680,2
9681,0
9682,3
9683,1
9684,0
9685,1
9686,0
9687,2
9688,3
9689,3
9690,2
9691,1
9692,0
9693,2
9694,0
9695,2
9696,0
9697,2
9698,2
9699,2
9700,3
9701,2
9702,2
9703,2
9704,0
9705,2
9706,1
9707,2
9708,0
9709,2
9710,0
9711,1
9712,0
9713,2
9714,3
9715,3
9716,2
9717,0
9718,2
9719,2
9720,1
9721,0
9722,2
9723,2
9724,1
9725,2
9726,0
9727,2
9728,3
9729,1
9730,0
9731,2
9732,2
9733,1
9734,0
9735,2
9736,0
9737,2
9738,2
9739,2
9740,1
9741,2
9742,2
9743,0
9744,0
9745,2
9746,0
9747,2
9748,3
9749,2
9750,1
9751,0
9752,2
9753,0
9754,2
9755,1
9756,2
9757,2
9758,1
9759,2
9760,2
9761,3
9762,3
9763,0
9764,2
9765,2
9766,2
9767,2
9768,0
9769,2
9770,1
9771,2
9772,1
9773,2
9774,0
9775,2
9776,0
9777,2
9778,2
9779,2
9780,2
9781,2
9782,1
9783,2
9784,2
9785,2
9786,0
9787,1
9788,2
9789,2
9790,2
9791,2
9792,1
9793,2
9794,1
9795,2
9796,3
9797,0
9798,2
9799,2
9800,3
9801,2
9802,1
9803,2
9804,2
9805,2
9806,1
9807,2
9808,2
9809,2
9810,1
9811,2
9812,2
9813,2
9814,0
9815,0
9816,0
9817,2
9818,2
9819,2
9820,2
9821,3
9822,2
9823,3
9824,2
9825,2
9826,3
9827,2
9828,2
9829,2
9830,2
9831,1
9832,0
9833,0
9834,2
9835,2
9836,0
9837,0
9838,2
9839,3
9840,2
9841,0
9842,1
9843,2
9844,0
9845,2
9846,2
9847,0
9848,2
9849,3
9850,0
9851,2
9852,0
9853,0
9854,2
9855,0
9856,2
9857,2
9858,2
9859,1
9860,1
9861,3
9862,2
9863,1
9864,2
9865,0
9866,2
9867,1
9868,0
9869,0
9870,2
9871,2
9872,1
9873,3
9874,2
9875,2
9876,2
9877,1
9878,3
9879,1
9880,0
9881,1
9882,2
9883,2
9884,2
9885,1
9886,0
9887,2
9888,1
9889,0
9890,2
9891,2
9892,0
9893,1
9894,2
9895,3
9896,2
9897,2
9898,1
9899,0
9900,1
9901,2
9902,0
9903,0
9904,2
9905,2
9906,2
9907,0
9908,3
9909,2
9910,2
9911,0
9912,2
9913,1
9914,0
9915,0
9916,2
9917,2
9918,2
9919,0
9920,1
9921,1
9922,1
9923,2
9924,3
9925,3
9926,0
9927,2
9928,0
9929,0
9930,0
9931,0
9932,2
9933,2
9934,1
9935,2
9936,3
9937,2
9938,3
9939,2
9940,0
9941,2
9942,2
9943,1
9944,0
9945,3
9946,2
9947,0
9948,2
9949,0
9950,1
9951,2
9952,1
9953,2
9954,1
9955,2
9956,0
9957,0
9958,0
9959,2
9960,3
9961,2
9962,0
9963,2
9964,3
9965,1
9966,0
9967,3
9968,1
9969,2
9970,2
9971,1
9972,1
9973,2
9974,2
9975,3
9976,0
9977,2
9978,2
9979,0
9980,2
9981,2
9982,0
9983,0
9984,0
9985,2
9986,2
9987,0
9988,2
9989,2
9990,2
9991,2
9992,1
9993,2
9994,0
9995,2
9996,2
9997,1
9998,0
9999,2
10000,1
10001,1
10002,1
10003,3
10004,1
10005,1
10006,3
10007,1
10008,1
10009,2
10010,0
10011,3
10012,2
10013,0
10014,1
10015,1
10016,0
10017,2
10018,0
10019,2
10020,0
10021,0
10022,2
10023,1
10024,0
10025,2
10026,2
10027,2
10028,2
10029,3
10030,2
10031,3
10032,2
10033,2
10034,0
10035,2
10036,1
10037,2
10038,3
10039,2
10040,0
10041,1
10042,3
10043,1
10044,1
10045,2
10046,0
10047,0
10048,2
10049,1
10050,2
10051,2
10052,0
10053,3
10054,0
10055,2
10056,1
10057,2
10058,2
10059,2
10060,3
10061,2
10062,2
10063,2
10064,0
10065,3
10066,2
10067,2
10068,2
10069,0
10070,0
10071,2
10072,1
10073,2
10074,2
10075,0
10076,1
10077,0
10078,2
10079,1
10080,2
10081,1
10082,0
10083,0
10084,2
10085,2
10086,3
10087,3
10088,0
10089,2
10090,0
10091,0
10092,0
10093,1
10094,2
10095,1
10096,2
10097,3
10098,2
10099,2
10100,2
10101,3
10102,2
10103,1
10104,2
10105,0
10106,0
10107,0
10108,0
10109,2
10110,3
10111,2
10112,0
10113,3
10114,0
10115,0
10116,3
10117,2
10118,2
10119,1
10120,2
10121,2
10122,2
10123,3
10124,0
10125,2
10126,2
10127,2
10128,0
10129,0
10130,0
10131,2
10132,2
10133,3
10134,2
10135,2
10136,2
10137,0
10138,2
10139,0
10140,2
10141,2
10142,0
10143,2
10144,2
10145,2
10146,2
10147,2
10148,2
10149,1
10150,2
10151,2
10152,0
10153,1
10154,2
10155,2
10156,2
10157,1
10158,0
10159,1
10160,1
10161,2
10162,3
10163,2
10164,0
10165,2
10166,2
10167,3
10168,3
10169,2
10170,1
10171,2
10172,2
10173,1
10174,2
10175,1
10176,2
10177,2
10178,3
10179,2
10180,0
10181,1
10182,3
10183,2
10184,0
10185,3
10186,2
10187,3
10188,2
10189,2
10190,2
10191,0
10192,0
10193,2
10194,2
10195,2
10196,0
10197,1
10198,0
10199,2
10200,2
10201,2
10202,0
10203,1
10204,0
10205,2
10206,2
10207,1
10208,2
10209,0
10210,1
10211,3
10212,2
10213,0
10214,0
10215,1
10216,2
10217,2
10218,2
10219,3
10220,3
10221,3
10222,1
10223,1
10224,1
10225,2
10226,1
10227,2
10228,1
10229,2
10230,2
10231,2
10232,3
10233,2
10234,2
10235,1
10236,3
10237,2
10238,2
10239,2
10240,1
10241,3
10242,1
10243,2
10244,1
10245,2
10246,2
10247,0
10248,1
10249,0
10250,2
10251,2
10252,0
10253,2
10254,0
10255,2
10256,1
10257,1
10258,2
10259,2
10260,2
10261,2
10262,3
10263,2
10264,0
10265,2
10266,0
10267,3
10268,2
10269,2
10270,2
10271,2
10272,2
10273,2
10274,0
10275,0
10276,0
10277,1
10278,1
10279,1
10280,1
10281,3
10282,0
10283,2
10284,1
10285,3
10286,2
10287,0
10288,3
10289,2
10290,0
10291,3
10292,1
10293,2
10294,1
10295,3
10296,2
10297,1
10298,3
10299,3
10300,2
10301,2
10302,0
10303,1
10304,2
10305,2
10306,3
10307,2
10308,2
10309,0
10310,2
10311,1
10312,2
10313,2
10314,2
10315,1
10316,2
10317,1
10318,3
10319,2
10320,2
10321,0
10322,0
10323,1
10324,0
10325,3
10326,2
10327,0
10328,1
10329,2
10330,1
10331,2
10332,2
10333,3
10334,3
10335,2
10336,0
10337,2
10338,2
10339,2
10340,3
10341,0
10342,1
10343,2
10344,2
10345,1
10346,1
10347,2
10348,2
10349,2
10350,2
10351,2
10352,2
10353,2
10354,2
10355,2
10356,3
10357,0
10358,2
10359,2
10360,2
10361,2
10362,2
10363,1
10364,0
10365,0
10366,1
10367,2
10368,1
10369,2
10370,2
10371,2
10372,2
10373,0
10374,2
10375,1
10376,2
10377,1
10378,1
10379,1
10380,2
10381,1
10382,2
10383,2
10384,0
10385,2
10386,2
10387,1
10388,0
10389,3
10390,0
10391,0
10392,2
10393,1
10394,0
10395,2
10396,2
10397,0
10398,2
10399,0
10400,1
10401,1
10402,0
10403,0
10404,1
10405,0
10406,0
10407,1
10408,2
10409,2
10410,1
10411,0
10412,1
10413,2
10414,3
10415,0
10416,0
10417,2
10418,0
10419,1
10420,2
10421,2
10422,2
10423,1
10424,3
10425,1
10426,2
10427,2
10428,0
10429,1
10430,2
10431,2
10432,1
10433,0
10434,1
10435,1
10436,2
10437,0
10438,2
10439,3
10440,1
10441,0
10442,2
10443,3
10444,2
10445,2
10446,2
10447,0
10448,2
10449,1
10450,3
10451,2
10452,0
10453,3
10454,2
10455,1
10456,1
10457,2
10458,0
10459,1
10460,0
10461,2
10462,1
10463,0
10464,1
10465,0
10466,1
10467,0
10468,1
10469,0
10470,1
10471,0
10472,0
10473,2
10474,3
10475,3
10476,1
10477,2
10478,2
10479,2
10480,2
10481,1
10482,2
10483,0
10484,2
10485,2
10486,1
10487,2
10488,0
10489,0
10490,1
10491,1
10492,2
10493,1
10494,2
10495,1
10496,2
10497,0
10498,0
10499,3
10500,0
10501,3
10502,1
10503,2
10504,2
10505,1
10506,2
10507,0
10508,1
10509,2
10510,2
10511,1
10512,2
10513,1
10514,0
10515,2
10516,0
10517,1
10518,1
10519,2
10520,0
10521,1
10522,0
10523,1
10524,1
10525,2
10526,3
10527,2
10528,2
10529,2
10530,2
10531,0
10532,0
10533,0
10534,2
10535,0
10536,1
10537,2
10538,1
10539,2
10540,1
10541,2
10542,2
10543,3
10544,1
10545,2
10546,1
10547,3
10548,3
10549,0
10550,2
10551,0
10552,0
10553,0
10554,2
10555,2
10556,1
10557,1
10558,0
10559,1
10560,2
10561,2
10562,0
10563,0
10564,0
10565,0
10566,1
10567,1
10568,1
10569,1
10570,2
10571,2
10572,2
10573,0
10574,1
10575,1
10576,0
10577,1
10578,0
10579,0
10580,1
10581,0
10582,1
10583,2
10584,0
10585,1
10586,0
10587,1
10588,2
10589,1
10590,1
10591,0
10592,2
10593,3
10594,2
10595,0
10596,2
10597,1
10598,1
10599,1
10600,0
10601,2
10602,1
10603,0
10604,1
10605,2
10606,0
10607,1
10608,0
10609,3
10610,1
10611,0
10612,1
10613,2
10614,1
10615,1
10616,1
10617,1
10618,1
10619,1
10620,0
10621,0
10622,1
10623,1
10624,1
10625,1
10626,0
10627,0
10628,1
10629,0
10630,2
10631,2
10632,0
10633,1
10634,1
10635,2
10636,0
10637,1
10638,1
10639,1
10640,1
10641,0
10642,0
10643,1
10644,1
10645,0
10646,1
10647,0
10648,0
10649,0
10650,1
10651,1
10652,1
10653,1
10654,1
10655,1
